-- Backup Database Absensi PKL
-- Tanggal: 17/08/2025 13:15:04 WIB
-- Database: db_absensi_pkl
-- Host: localhost
-- Generated by: Administrator
-- ==========================================

SET SQL_MODE = "NO_AUTO_VALUE_ON_ZERO";
START TRANSACTION;
SET time_zone = "+00:00";

-- Struktur tabel `absensi`
DROP TABLE IF EXISTS `absensi`;
CREATE TABLE `absensi` (
  `id` int(11) NOT NULL AUTO_INCREMENT,
  `siswa_id` int(11) NOT NULL,
  `waktu` datetime NOT NULL,
  `lat` decimal(10,7) NOT NULL,
  `lng` decimal(10,7) NOT NULL,
  `jarak_m` decimal(10,2) NOT NULL,
  `selfie_path` varchar(255) DEFAULT NULL,
  `jenis_absen` enum('datang','pulang') NOT NULL DEFAULT 'datang',
  PRIMARY KEY (`id`),
  KEY `siswa_id` (`siswa_id`),
  CONSTRAINT `absensi_ibfk_1` FOREIGN KEY (`siswa_id`) REFERENCES `siswa` (`id`) ON DELETE CASCADE
) ENGINE=InnoDB AUTO_INCREMENT=19 DEFAULT CHARSET=utf8mb4 COLLATE=utf8mb4_unicode_ci;

-- Data untuk tabel `absensi`
INSERT INTO `absensi` (`id`, `siswa_id`, `waktu`, `lat`, `lng`, `jarak_m`, `selfie_path`, `jenis_absen`) VALUES ('14', '41', '2025-08-17 08:29:59', '-7.3781237', '110.2665818', '8.95', 'uploads/selfie_20250817_102959_41_a5b5e193.jpg', 'datang');
INSERT INTO `absensi` (`id`, `siswa_id`, `waktu`, `lat`, `lng`, `jarak_m`, `selfie_path`, `jenis_absen`) VALUES ('15', '45', '2025-08-17 09:14:35', '-7.3782031', '110.2666148', '1.64', 'uploads/selfie_20250817_111436_45_06f4a1ca.jpg', 'datang');
INSERT INTO `absensi` (`id`, `siswa_id`, `waktu`, `lat`, `lng`, `jarak_m`, `selfie_path`, `jenis_absen`) VALUES ('16', '45', '2025-08-17 09:15:15', '-7.3784106', '110.2666216', '23.31', 'uploads/selfie_20250817_111517_45_99c400fd.jpg', 'pulang');
INSERT INTO `absensi` (`id`, `siswa_id`, `waktu`, `lat`, `lng`, `jarak_m`, `selfie_path`, `jenis_absen`) VALUES ('17', '43', '2025-08-17 16:43:00', '-7.3782719', '110.2666514', '9.61', 'uploads/selfie_20250817_164302_43_73e29a1e.jpg', 'datang');
INSERT INTO `absensi` (`id`, `siswa_id`, `waktu`, `lat`, `lng`, `jarak_m`, `selfie_path`, `jenis_absen`) VALUES ('18', '43', '2025-08-17 17:11:23', '-7.3782949', '110.2666387', '11.17', 'uploads/selfie_20250817_171125_43_fbc2d5f8.jpg', 'pulang');

-- Struktur tabel `app_settings`
DROP TABLE IF EXISTS `app_settings`;
CREATE TABLE `app_settings` (
  `id` int(11) NOT NULL AUTO_INCREMENT,
  `setting_key` varchar(100) NOT NULL,
  `setting_value` text DEFAULT NULL,
  `setting_type` varchar(20) DEFAULT 'text',
  `description` text DEFAULT NULL,
  `created_at` timestamp NOT NULL DEFAULT current_timestamp(),
  `updated_at` timestamp NOT NULL DEFAULT current_timestamp() ON UPDATE current_timestamp(),
  PRIMARY KEY (`id`),
  UNIQUE KEY `setting_key` (`setting_key`)
) ENGINE=InnoDB AUTO_INCREMENT=883 DEFAULT CHARSET=utf8mb4 COLLATE=utf8mb4_unicode_ci;

-- Data untuk tabel `app_settings`
INSERT INTO `app_settings` (`id`, `setting_key`, `setting_value`, `setting_type`, `description`, `created_at`, `updated_at`) VALUES ('1', 'school_name', 'SMK Negeri Pringsurat', 'text', 'Nama Sekolah', '2025-08-17 13:45:38', '2025-08-17 13:49:48');
INSERT INTO `app_settings` (`id`, `setting_key`, `setting_value`, `setting_type`, `description`, `created_at`, `updated_at`) VALUES ('2', 'school_address', 'Desa Pingit Pringsurat Temanggung Jawa Tengah 56272', 'text', 'Alamat Sekolah', '2025-08-17 13:45:38', '2025-08-17 13:49:48');
INSERT INTO `app_settings` (`id`, `setting_key`, `setting_value`, `setting_type`, `description`, `created_at`, `updated_at`) VALUES ('3', 'school_phone', '(021) 1234-5678', 'text', 'Nomor Telepon Sekolah', '2025-08-17 13:45:38', '2025-08-17 13:49:48');
INSERT INTO `app_settings` (`id`, `setting_key`, `setting_value`, `setting_type`, `description`, `created_at`, `updated_at`) VALUES ('4', 'school_email', 'smknpringsurat@gmail.com', 'email', 'Email Sekolah', '2025-08-17 13:45:38', '2025-08-17 13:49:48');
INSERT INTO `app_settings` (`id`, `setting_key`, `setting_value`, `setting_type`, `description`, `created_at`, `updated_at`) VALUES ('5', 'school_website', 'https://www.smkn1contoh.sch.id', 'url', 'Website Sekolah', '2025-08-17 13:45:38', '2025-08-17 13:49:48');
INSERT INTO `app_settings` (`id`, `setting_key`, `setting_value`, `setting_type`, `description`, `created_at`, `updated_at`) VALUES ('6', 'app_title', 'Sistem Absensi PKL', 'text', 'Judul Aplikasi', '2025-08-17 13:45:38', '2025-08-17 16:09:43');
INSERT INTO `app_settings` (`id`, `setting_key`, `setting_value`, `setting_type`, `description`, `created_at`, `updated_at`) VALUES ('7', 'gps_radius', '150', 'number', 'Radius GPS untuk Absensi (meter)', '2025-08-17 13:45:38', '2025-08-17 16:09:43');
INSERT INTO `app_settings` (`id`, `setting_key`, `setting_value`, `setting_type`, `description`, `created_at`, `updated_at`) VALUES ('8', 'max_upload_size', '1', 'number', 'Ukuran Maksimal Upload (MB)', '2025-08-17 13:45:38', '2025-08-17 16:09:43');
INSERT INTO `app_settings` (`id`, `setting_key`, `setting_value`, `setting_type`, `description`, `created_at`, `updated_at`) VALUES ('9', 'session_timeout', '3600', 'number', 'Timeout Session (detik)', '2025-08-17 13:45:38', '2025-08-17 16:09:43');

-- Struktur tabel `audit_log`
DROP TABLE IF EXISTS `audit_log`;
CREATE TABLE `audit_log` (
  `id` int(11) NOT NULL AUTO_INCREMENT,
  `user_id` int(11) DEFAULT NULL,
  `action` varchar(255) NOT NULL,
  `detail` text DEFAULT NULL,
  `created_at` timestamp NOT NULL DEFAULT current_timestamp(),
  PRIMARY KEY (`id`),
  KEY `user_id` (`user_id`),
  CONSTRAINT `audit_log_ibfk_1` FOREIGN KEY (`user_id`) REFERENCES `users` (`id`) ON DELETE SET NULL
) ENGINE=InnoDB AUTO_INCREMENT=192 DEFAULT CHARSET=utf8mb4 COLLATE=utf8mb4_unicode_ci;

-- Data untuk tabel `audit_log`
INSERT INTO `audit_log` (`id`, `user_id`, `action`, `detail`, `created_at`) VALUES ('1', '1', 'login', '', '2025-08-16 22:45:15');
INSERT INTO `audit_log` (`id`, `user_id`, `action`, `detail`, `created_at`) VALUES ('2', NULL, 'login', '', '2025-08-16 22:47:43');
INSERT INTO `audit_log` (`id`, `user_id`, `action`, `detail`, `created_at`) VALUES ('3', NULL, 'login', '', '2025-08-16 22:48:09');
INSERT INTO `audit_log` (`id`, `user_id`, `action`, `detail`, `created_at`) VALUES ('4', NULL, 'login', '', '2025-08-16 22:48:13');
INSERT INTO `audit_log` (`id`, `user_id`, `action`, `detail`, `created_at`) VALUES ('5', NULL, 'login', '', '2025-08-16 22:48:20');
INSERT INTO `audit_log` (`id`, `user_id`, `action`, `detail`, `created_at`) VALUES ('6', NULL, 'login', '', '2025-08-16 22:49:22');
INSERT INTO `audit_log` (`id`, `user_id`, `action`, `detail`, `created_at`) VALUES ('7', NULL, 'login', '', '2025-08-16 22:53:15');
INSERT INTO `audit_log` (`id`, `user_id`, `action`, `detail`, `created_at`) VALUES ('8', NULL, 'login', '', '2025-08-16 22:54:00');
INSERT INTO `audit_log` (`id`, `user_id`, `action`, `detail`, `created_at`) VALUES ('9', NULL, 'logout', '', '2025-08-16 22:54:16');
INSERT INTO `audit_log` (`id`, `user_id`, `action`, `detail`, `created_at`) VALUES ('10', NULL, 'login', '', '2025-08-16 22:54:24');
INSERT INTO `audit_log` (`id`, `user_id`, `action`, `detail`, `created_at`) VALUES ('11', NULL, 'logout', '', '2025-08-16 22:55:56');
INSERT INTO `audit_log` (`id`, `user_id`, `action`, `detail`, `created_at`) VALUES ('12', '2', 'login', '', '2025-08-16 22:56:07');
INSERT INTO `audit_log` (`id`, `user_id`, `action`, `detail`, `created_at`) VALUES ('13', '1', 'login', '', '2025-08-16 22:57:46');
INSERT INTO `audit_log` (`id`, `user_id`, `action`, `detail`, `created_at`) VALUES ('14', '1', 'login', '', '2025-08-16 22:58:05');
INSERT INTO `audit_log` (`id`, `user_id`, `action`, `detail`, `created_at`) VALUES ('15', '1', 'login', '', '2025-08-16 22:58:42');
INSERT INTO `audit_log` (`id`, `user_id`, `action`, `detail`, `created_at`) VALUES ('16', NULL, 'logout', '', '2025-08-16 23:00:48');
INSERT INTO `audit_log` (`id`, `user_id`, `action`, `detail`, `created_at`) VALUES ('17', NULL, 'login', '', '2025-08-16 23:01:01');
INSERT INTO `audit_log` (`id`, `user_id`, `action`, `detail`, `created_at`) VALUES ('18', '1', 'login', '', '2025-08-16 23:07:58');
INSERT INTO `audit_log` (`id`, `user_id`, `action`, `detail`, `created_at`) VALUES ('19', '1', 'logout', '', '2025-08-16 23:08:21');
INSERT INTO `audit_log` (`id`, `user_id`, `action`, `detail`, `created_at`) VALUES ('20', '1', 'login', '', '2025-08-16 23:08:29');
INSERT INTO `audit_log` (`id`, `user_id`, `action`, `detail`, `created_at`) VALUES ('21', '1', 'create_tempat', 'Kafi Komputer', '2025-08-16 23:11:00');
INSERT INTO `audit_log` (`id`, `user_id`, `action`, `detail`, `created_at`) VALUES ('22', '1', 'login', '', '2025-08-16 23:11:12');
INSERT INTO `audit_log` (`id`, `user_id`, `action`, `detail`, `created_at`) VALUES ('23', '1', 'create_siswa', 'aku', '2025-08-16 23:11:31');
INSERT INTO `audit_log` (`id`, `user_id`, `action`, `detail`, `created_at`) VALUES ('24', '1', 'login', '', '2025-08-16 23:12:56');
INSERT INTO `audit_log` (`id`, `user_id`, `action`, `detail`, `created_at`) VALUES ('25', '2', 'login', '', '2025-08-16 23:29:58');
INSERT INTO `audit_log` (`id`, `user_id`, `action`, `detail`, `created_at`) VALUES ('26', '1', 'login', '', '2025-08-16 23:30:14');
INSERT INTO `audit_log` (`id`, `user_id`, `action`, `detail`, `created_at`) VALUES ('27', NULL, 'login', '', '2025-08-16 23:44:57');
INSERT INTO `audit_log` (`id`, `user_id`, `action`, `detail`, `created_at`) VALUES ('28', '1', 'export_csv', '', '2025-08-16 23:48:03');
INSERT INTO `audit_log` (`id`, `user_id`, `action`, `detail`, `created_at`) VALUES ('29', NULL, 'login', '', '2025-08-16 23:54:15');
INSERT INTO `audit_log` (`id`, `user_id`, `action`, `detail`, `created_at`) VALUES ('30', '2', 'login', '', '2025-08-16 23:54:56');
INSERT INTO `audit_log` (`id`, `user_id`, `action`, `detail`, `created_at`) VALUES ('31', NULL, 'login', '', '2025-08-16 23:56:20');
INSERT INTO `audit_log` (`id`, `user_id`, `action`, `detail`, `created_at`) VALUES ('32', NULL, 'login', '', '2025-08-16 23:56:47');
INSERT INTO `audit_log` (`id`, `user_id`, `action`, `detail`, `created_at`) VALUES ('33', NULL, 'login', '', '2025-08-16 23:56:50');
INSERT INTO `audit_log` (`id`, `user_id`, `action`, `detail`, `created_at`) VALUES ('34', NULL, 'logout', '', '2025-08-16 23:59:05');
INSERT INTO `audit_log` (`id`, `user_id`, `action`, `detail`, `created_at`) VALUES ('35', NULL, 'logout', '', '2025-08-16 23:59:12');
INSERT INTO `audit_log` (`id`, `user_id`, `action`, `detail`, `created_at`) VALUES ('36', NULL, 'login', '', '2025-08-16 23:59:29');
INSERT INTO `audit_log` (`id`, `user_id`, `action`, `detail`, `created_at`) VALUES ('37', NULL, 'login', '', '2025-08-16 23:59:53');
INSERT INTO `audit_log` (`id`, `user_id`, `action`, `detail`, `created_at`) VALUES ('38', NULL, 'logout', '', '2025-08-17 00:01:03');
INSERT INTO `audit_log` (`id`, `user_id`, `action`, `detail`, `created_at`) VALUES ('39', NULL, 'login', '', '2025-08-17 00:01:15');
INSERT INTO `audit_log` (`id`, `user_id`, `action`, `detail`, `created_at`) VALUES ('40', NULL, 'logout', '', '2025-08-17 00:03:30');
INSERT INTO `audit_log` (`id`, `user_id`, `action`, `detail`, `created_at`) VALUES ('41', '2', 'login', '', '2025-08-17 00:03:38');
INSERT INTO `audit_log` (`id`, `user_id`, `action`, `detail`, `created_at`) VALUES ('42', '2', 'login', '', '2025-08-17 00:04:00');
INSERT INTO `audit_log` (`id`, `user_id`, `action`, `detail`, `created_at`) VALUES ('43', '1', 'tambah_siswa', 'NIS: 4123123123, Nama: Ahmad', '2025-08-17 00:13:56');
INSERT INTO `audit_log` (`id`, `user_id`, `action`, `detail`, `created_at`) VALUES ('44', '1', 'tambah_siswa', 'NIS: 123456789, Nama: Budi', '2025-08-17 00:14:25');
INSERT INTO `audit_log` (`id`, `user_id`, `action`, `detail`, `created_at`) VALUES ('45', NULL, 'logout', '', '2025-08-17 00:14:34');
INSERT INTO `audit_log` (`id`, `user_id`, `action`, `detail`, `created_at`) VALUES ('46', NULL, 'login', '', '2025-08-17 00:14:48');
INSERT INTO `audit_log` (`id`, `user_id`, `action`, `detail`, `created_at`) VALUES ('47', '2', 'login', '', '2025-08-17 00:15:48');
INSERT INTO `audit_log` (`id`, `user_id`, `action`, `detail`, `created_at`) VALUES ('48', '1', 'login', '', '2025-08-17 00:19:26');
INSERT INTO `audit_log` (`id`, `user_id`, `action`, `detail`, `created_at`) VALUES ('49', '2', 'login', '', '2025-08-17 00:21:31');
INSERT INTO `audit_log` (`id`, `user_id`, `action`, `detail`, `created_at`) VALUES ('50', '1', 'tambah_tempat_pkl', 'Nama: Muffaindo, Lat: -7.4011, Lng: 110.2312, Radius: 50', '2025-08-17 00:34:23');
INSERT INTO `audit_log` (`id`, `user_id`, `action`, `detail`, `created_at`) VALUES ('51', '1', 'tambah_siswa', 'NIS: 11223344, Nama: Muffi', '2025-08-17 00:35:12');
INSERT INTO `audit_log` (`id`, `user_id`, `action`, `detail`, `created_at`) VALUES ('52', NULL, 'logout', '', '2025-08-17 00:35:20');
INSERT INTO `audit_log` (`id`, `user_id`, `action`, `detail`, `created_at`) VALUES ('53', NULL, 'login', '', '2025-08-17 00:35:33');
INSERT INTO `audit_log` (`id`, `user_id`, `action`, `detail`, `created_at`) VALUES ('54', NULL, 'logout', '', '2025-08-17 00:38:43');
INSERT INTO `audit_log` (`id`, `user_id`, `action`, `detail`, `created_at`) VALUES ('55', NULL, 'login', '', '2025-08-17 00:38:56');
INSERT INTO `audit_log` (`id`, `user_id`, `action`, `detail`, `created_at`) VALUES ('56', '1', 'login', '', '2025-08-17 00:39:22');
INSERT INTO `audit_log` (`id`, `user_id`, `action`, `detail`, `created_at`) VALUES ('57', '1', 'login', '', '2025-08-17 00:40:28');
INSERT INTO `audit_log` (`id`, `user_id`, `action`, `detail`, `created_at`) VALUES ('58', '1', 'edit_tempat_pkl', 'ID: 2, Nama: Kafi Komputer, Lat: -7.3782021, Lng: 110.2666, Radius: 150', '2025-08-17 00:42:37');
INSERT INTO `audit_log` (`id`, `user_id`, `action`, `detail`, `created_at`) VALUES ('59', NULL, 'logout', '', '2025-08-17 00:43:38');
INSERT INTO `audit_log` (`id`, `user_id`, `action`, `detail`, `created_at`) VALUES ('60', NULL, 'login', '', '2025-08-17 00:43:54');
INSERT INTO `audit_log` (`id`, `user_id`, `action`, `detail`, `created_at`) VALUES ('61', NULL, 'absen', 'Siswa: Budi, Jarak: 11.63m, Lokasi: -7.3782945, 110.2666495', '2025-08-17 00:44:11');
INSERT INTO `audit_log` (`id`, `user_id`, `action`, `detail`, `created_at`) VALUES ('62', '1', 'edit_pembimbing', 'ID: 2, Nama: Dra. Siti Nurhaliza, M.Pd, NIP: 198502022010022002', '2025-08-17 00:55:58');
INSERT INTO `audit_log` (`id`, `user_id`, `action`, `detail`, `created_at`) VALUES ('63', '1', 'tambah_pembimbing', 'Nama: Budi Purwanto, NIP: 12345678945555555555', '2025-08-17 00:56:20');
INSERT INTO `audit_log` (`id`, `user_id`, `action`, `detail`, `created_at`) VALUES ('64', '1', 'edit_pembimbing', 'ID: 4, Nama: Budi Purwanto, NIP: 123456789455555555, Username: pemb2, Password: diubah', '2025-08-17 01:09:46');
INSERT INTO `audit_log` (`id`, `user_id`, `action`, `detail`, `created_at`) VALUES ('65', '1', 'edit_pembimbing', 'ID: 4, Nama: Budi Purwanto, NIP: 123456789455555555, Username: pemb2, Password: diubah', '2025-08-17 01:10:01');
INSERT INTO `audit_log` (`id`, `user_id`, `action`, `detail`, `created_at`) VALUES ('66', '2', 'logout', '', '2025-08-17 01:10:09');
INSERT INTO `audit_log` (`id`, `user_id`, `action`, `detail`, `created_at`) VALUES ('67', '7', 'login', '', '2025-08-17 01:11:16');
INSERT INTO `audit_log` (`id`, `user_id`, `action`, `detail`, `created_at`) VALUES ('68', '1', 'edit_siswa', 'ID: 3, Nama: Ahmad', '2025-08-17 01:11:59');
INSERT INTO `audit_log` (`id`, `user_id`, `action`, `detail`, `created_at`) VALUES ('69', NULL, 'login', '', '2025-08-17 01:14:46');
INSERT INTO `audit_log` (`id`, `user_id`, `action`, `detail`, `created_at`) VALUES ('70', NULL, 'logout', '', '2025-08-17 01:17:51');
INSERT INTO `audit_log` (`id`, `user_id`, `action`, `detail`, `created_at`) VALUES ('71', NULL, 'login', '', '2025-08-17 01:18:20');
INSERT INTO `audit_log` (`id`, `user_id`, `action`, `detail`, `created_at`) VALUES ('72', NULL, 'logout', '', '2025-08-17 01:23:20');
INSERT INTO `audit_log` (`id`, `user_id`, `action`, `detail`, `created_at`) VALUES ('73', NULL, 'login', '', '2025-08-17 01:23:37');
INSERT INTO `audit_log` (`id`, `user_id`, `action`, `detail`, `created_at`) VALUES ('74', NULL, 'logout', '', '2025-08-17 01:24:34');
INSERT INTO `audit_log` (`id`, `user_id`, `action`, `detail`, `created_at`) VALUES ('75', NULL, 'login', '', '2025-08-17 01:24:46');
INSERT INTO `audit_log` (`id`, `user_id`, `action`, `detail`, `created_at`) VALUES ('76', NULL, 'login', '', '2025-08-17 01:32:03');
INSERT INTO `audit_log` (`id`, `user_id`, `action`, `detail`, `created_at`) VALUES ('77', NULL, 'absen', 'Absen pulang - Lat: -7.378216, Lng: 110.266605, Jarak: 1.64m', '2025-08-17 01:33:11');
INSERT INTO `audit_log` (`id`, `user_id`, `action`, `detail`, `created_at`) VALUES ('78', NULL, 'login', '', '2025-08-17 01:33:27');
INSERT INTO `audit_log` (`id`, `user_id`, `action`, `detail`, `created_at`) VALUES ('79', '1', 'login', '', '2025-08-17 01:40:34');
INSERT INTO `audit_log` (`id`, `user_id`, `action`, `detail`, `created_at`) VALUES ('80', '1', 'login', '', '2025-08-17 01:43:29');
INSERT INTO `audit_log` (`id`, `user_id`, `action`, `detail`, `created_at`) VALUES ('81', '1', 'login', '', '2025-08-17 01:44:00');
INSERT INTO `audit_log` (`id`, `user_id`, `action`, `detail`, `created_at`) VALUES ('82', '1', 'logout', '', '2025-08-17 01:45:50');
INSERT INTO `audit_log` (`id`, `user_id`, `action`, `detail`, `created_at`) VALUES ('83', '1', 'login', '', '2025-08-17 01:47:47');
INSERT INTO `audit_log` (`id`, `user_id`, `action`, `detail`, `created_at`) VALUES ('84', '1', 'logout', '', '2025-08-17 01:47:59');
INSERT INTO `audit_log` (`id`, `user_id`, `action`, `detail`, `created_at`) VALUES ('85', '1', 'login', '', '2025-08-17 01:50:24');
INSERT INTO `audit_log` (`id`, `user_id`, `action`, `detail`, `created_at`) VALUES ('86', '1', 'logout', '', '2025-08-17 01:57:13');
INSERT INTO `audit_log` (`id`, `user_id`, `action`, `detail`, `created_at`) VALUES ('87', '1', 'login', '', '2025-08-17 01:57:24');
INSERT INTO `audit_log` (`id`, `user_id`, `action`, `detail`, `created_at`) VALUES ('88', NULL, 'logout', '', '2025-08-17 01:58:27');
INSERT INTO `audit_log` (`id`, `user_id`, `action`, `detail`, `created_at`) VALUES ('89', '7', 'logout', '', '2025-08-17 02:02:22');
INSERT INTO `audit_log` (`id`, `user_id`, `action`, `detail`, `created_at`) VALUES ('90', '1', 'login', '', '2025-08-17 02:03:13');
INSERT INTO `audit_log` (`id`, `user_id`, `action`, `detail`, `created_at`) VALUES ('91', '1', 'login', '', '2025-08-17 02:15:49');
INSERT INTO `audit_log` (`id`, `user_id`, `action`, `detail`, `created_at`) VALUES ('92', '1', 'logout', '', '2025-08-17 02:16:08');
INSERT INTO `audit_log` (`id`, `user_id`, `action`, `detail`, `created_at`) VALUES ('93', NULL, 'login', '', '2025-08-17 02:16:18');
INSERT INTO `audit_log` (`id`, `user_id`, `action`, `detail`, `created_at`) VALUES ('94', NULL, 'logout', '', '2025-08-17 02:16:34');
INSERT INTO `audit_log` (`id`, `user_id`, `action`, `detail`, `created_at`) VALUES ('95', NULL, 'login', '', '2025-08-17 02:16:39');
INSERT INTO `audit_log` (`id`, `user_id`, `action`, `detail`, `created_at`) VALUES ('96', '1', 'login', '', '2025-08-17 13:11:45');
INSERT INTO `audit_log` (`id`, `user_id`, `action`, `detail`, `created_at`) VALUES ('97', NULL, 'login', '', '2025-08-17 13:19:01');
INSERT INTO `audit_log` (`id`, `user_id`, `action`, `detail`, `created_at`) VALUES ('98', '1', 'profile_update', 'Mengupdate pengaturan aplikasi: {\"school_name\":\"SMK Negeri Pringsurat\",\"school_address\":\"Desa Pingit Pringsurat Temanggung Jawa Tengah 56272\",\"school_phone\":\"(021) 1234-5678\",\"school_email\":\"smknpringsurat@gmail.com\",\"school_website\":\"https:\\/\\/www.smkn1contoh.sch.id\"}', '2025-08-17 13:49:48');
INSERT INTO `audit_log` (`id`, `user_id`, `action`, `detail`, `created_at`) VALUES ('99', '1', 'logout', '', '2025-08-17 13:49:55');
INSERT INTO `audit_log` (`id`, `user_id`, `action`, `detail`, `created_at`) VALUES ('100', NULL, 'logout', '', '2025-08-17 13:50:16');
INSERT INTO `audit_log` (`id`, `user_id`, `action`, `detail`, `created_at`) VALUES ('101', '1', 'login', '', '2025-08-17 13:53:14');
INSERT INTO `audit_log` (`id`, `user_id`, `action`, `detail`, `created_at`) VALUES ('102', '1', 'logout', '', '2025-08-17 13:53:37');
INSERT INTO `audit_log` (`id`, `user_id`, `action`, `detail`, `created_at`) VALUES ('103', '1', 'login', '', '2025-08-17 14:00:15');
INSERT INTO `audit_log` (`id`, `user_id`, `action`, `detail`, `created_at`) VALUES ('104', '1', 'logout', '', '2025-08-17 14:00:39');
INSERT INTO `audit_log` (`id`, `user_id`, `action`, `detail`, `created_at`) VALUES ('105', NULL, 'login', '', '2025-08-17 14:04:16');
INSERT INTO `audit_log` (`id`, `user_id`, `action`, `detail`, `created_at`) VALUES ('106', NULL, 'logout', '', '2025-08-17 14:09:43');
INSERT INTO `audit_log` (`id`, `user_id`, `action`, `detail`, `created_at`) VALUES ('107', '1', 'login', '', '2025-08-17 14:09:56');
INSERT INTO `audit_log` (`id`, `user_id`, `action`, `detail`, `created_at`) VALUES ('108', NULL, 'login', '', '2025-08-17 14:10:14');
INSERT INTO `audit_log` (`id`, `user_id`, `action`, `detail`, `created_at`) VALUES ('109', '1', 'login', '', '2025-08-17 14:12:48');
INSERT INTO `audit_log` (`id`, `user_id`, `action`, `detail`, `created_at`) VALUES ('110', '1', 'logout', '', '2025-08-17 14:12:53');
INSERT INTO `audit_log` (`id`, `user_id`, `action`, `detail`, `created_at`) VALUES ('111', NULL, 'login', '', '2025-08-17 14:13:03');
INSERT INTO `audit_log` (`id`, `user_id`, `action`, `detail`, `created_at`) VALUES ('112', NULL, 'absen', 'Absen pulang - Lat: -7.3784777, Lng: 110.26665, Jarak: 31.14m', '2025-08-17 14:13:52');
INSERT INTO `audit_log` (`id`, `user_id`, `action`, `detail`, `created_at`) VALUES ('113', NULL, 'absen', 'Absen pulang - Lat: -7.3784771, Lng: 110.2666495, Jarak: 31.06m', '2025-08-17 14:13:59');
INSERT INTO `audit_log` (`id`, `user_id`, `action`, `detail`, `created_at`) VALUES ('114', NULL, 'absen', 'Absen pulang - Lat: -7.3784777, Lng: 110.266639, Jarak: 30.95m', '2025-08-17 14:15:49');
INSERT INTO `audit_log` (`id`, `user_id`, `action`, `detail`, `created_at`) VALUES ('115', NULL, 'absen', 'Absen datang - Lat: -7.3783281, Lng: 110.266663, Jarak: 15.64m', '2025-08-17 14:16:40');
INSERT INTO `audit_log` (`id`, `user_id`, `action`, `detail`, `created_at`) VALUES ('116', NULL, 'absen', 'Absen pulang - Lat: -7.3783781, Lng: 110.2667513, Jarak: 25.72m', '2025-08-17 14:25:53');
INSERT INTO `audit_log` (`id`, `user_id`, `action`, `detail`, `created_at`) VALUES ('117', NULL, 'logout', '', '2025-08-17 14:28:31');
INSERT INTO `audit_log` (`id`, `user_id`, `action`, `detail`, `created_at`) VALUES ('118', NULL, 'login', '', '2025-08-17 14:28:51');
INSERT INTO `audit_log` (`id`, `user_id`, `action`, `detail`, `created_at`) VALUES ('119', NULL, 'logout', '', '2025-08-17 14:32:41');
INSERT INTO `audit_log` (`id`, `user_id`, `action`, `detail`, `created_at`) VALUES ('120', NULL, 'login', '', '2025-08-17 14:34:33');
INSERT INTO `audit_log` (`id`, `user_id`, `action`, `detail`, `created_at`) VALUES ('121', NULL, 'logout', '', '2025-08-17 14:35:24');
INSERT INTO `audit_log` (`id`, `user_id`, `action`, `detail`, `created_at`) VALUES ('122', NULL, 'login', '', '2025-08-17 14:35:44');
INSERT INTO `audit_log` (`id`, `user_id`, `action`, `detail`, `created_at`) VALUES ('123', NULL, 'absen', 'Absen datang - Lat: -7.3782241, Lng: 110.2666027, Jarak: 2.46m', '2025-08-17 14:35:59');
INSERT INTO `audit_log` (`id`, `user_id`, `action`, `detail`, `created_at`) VALUES ('124', NULL, 'absen', 'Absen pulang - Lat: -7.3783183, Lng: 110.2666689, Jarak: 14.99m', '2025-08-17 14:36:25');
INSERT INTO `audit_log` (`id`, `user_id`, `action`, `detail`, `created_at`) VALUES ('125', NULL, 'logout', '', '2025-08-17 14:38:51');
INSERT INTO `audit_log` (`id`, `user_id`, `action`, `detail`, `created_at`) VALUES ('126', NULL, 'login', '', '2025-08-17 14:43:08');
INSERT INTO `audit_log` (`id`, `user_id`, `action`, `detail`, `created_at`) VALUES ('127', '1', 'edit_siswa', 'ID: 3, Nama: Ahmad', '2025-08-17 14:46:29');
INSERT INTO `audit_log` (`id`, `user_id`, `action`, `detail`, `created_at`) VALUES ('128', '1', 'login', '', '2025-08-17 14:51:28');
INSERT INTO `audit_log` (`id`, `user_id`, `action`, `detail`, `created_at`) VALUES ('129', '1', 'edit_siswa', 'ID: 1, Nama: Siswa Satu', '2025-08-17 14:56:42');
INSERT INTO `audit_log` (`id`, `user_id`, `action`, `detail`, `created_at`) VALUES ('130', NULL, 'logout', '', '2025-08-17 14:56:57');
INSERT INTO `audit_log` (`id`, `user_id`, `action`, `detail`, `created_at`) VALUES ('131', '1', 'tambah_siswa', 'NIS: 123123123, Nama: M H Zayyan', '2025-08-17 15:00:05');
INSERT INTO `audit_log` (`id`, `user_id`, `action`, `detail`, `created_at`) VALUES ('132', NULL, 'login', '', '2025-08-17 15:00:22');
INSERT INTO `audit_log` (`id`, `user_id`, `action`, `detail`, `created_at`) VALUES ('133', NULL, 'logout', '', '2025-08-17 15:00:41');
INSERT INTO `audit_log` (`id`, `user_id`, `action`, `detail`, `created_at`) VALUES ('134', NULL, 'login', '', '2025-08-17 15:00:52');
INSERT INTO `audit_log` (`id`, `user_id`, `action`, `detail`, `created_at`) VALUES ('135', '1', 'hapus_siswa', 'ID: 5, Nama: Muffi', '2025-08-17 15:02:33');
INSERT INTO `audit_log` (`id`, `user_id`, `action`, `detail`, `created_at`) VALUES ('136', NULL, 'absen', 'Absen datang - Lat: -7.3781237, Lng: 110.2665807, Jarak: 8.97m', '2025-08-17 15:02:56');
INSERT INTO `audit_log` (`id`, `user_id`, `action`, `detail`, `created_at`) VALUES ('137', NULL, 'absen', 'Absen pulang - Lat: -7.3781237, Lng: 110.2665815, Jarak: 8.95m', '2025-08-17 15:05:52');
INSERT INTO `audit_log` (`id`, `user_id`, `action`, `detail`, `created_at`) VALUES ('138', '1', 'tambah_tempat_pkl', 'Nama: PT CMDJ Temanggung, Lat: -7.3215, Lng: 110.3072, Radius: 150', '2025-08-17 15:14:00');
INSERT INTO `audit_log` (`id`, `user_id`, `action`, `detail`, `created_at`) VALUES ('139', '1', 'import_siswa', 'Total: 70, Success: 70, Errors: 0', '2025-08-17 15:26:10');
INSERT INTO `audit_log` (`id`, `user_id`, `action`, `detail`, `created_at`) VALUES ('140', '1', 'edit_siswa', 'ID: 41, Nama: AFIK RAHARDIAN', '2025-08-17 15:27:06');
INSERT INTO `audit_log` (`id`, `user_id`, `action`, `detail`, `created_at`) VALUES ('141', '1', 'hapus_siswa', 'ID: 3, Nama: Ahmad', '2025-08-17 15:27:58');
INSERT INTO `audit_log` (`id`, `user_id`, `action`, `detail`, `created_at`) VALUES ('142', '1', 'hapus_siswa', 'ID: 4, Nama: Budi', '2025-08-17 15:28:13');
INSERT INTO `audit_log` (`id`, `user_id`, `action`, `detail`, `created_at`) VALUES ('143', NULL, 'logout', '', '2025-08-17 15:28:28');
INSERT INTO `audit_log` (`id`, `user_id`, `action`, `detail`, `created_at`) VALUES ('144', '45', 'login', '', '2025-08-17 15:28:37');
INSERT INTO `audit_log` (`id`, `user_id`, `action`, `detail`, `created_at`) VALUES ('145', NULL, 'logout', '', '2025-08-17 15:29:04');
INSERT INTO `audit_log` (`id`, `user_id`, `action`, `detail`, `created_at`) VALUES ('146', '11', 'login', '', '2025-08-17 15:29:16');
INSERT INTO `audit_log` (`id`, `user_id`, `action`, `detail`, `created_at`) VALUES ('147', '45', 'absen', 'Absen datang - Lat: -7.3781237, Lng: 110.2665818, Jarak: 8.95m', '2025-08-17 15:29:59');
INSERT INTO `audit_log` (`id`, `user_id`, `action`, `detail`, `created_at`) VALUES ('148', '1', 'hapus_siswa', 'ID: 1, Nama: Siswa Satu', '2025-08-17 15:31:57');
INSERT INTO `audit_log` (`id`, `user_id`, `action`, `detail`, `created_at`) VALUES ('149', '1', 'hapus_siswa', 'ID: 2, Nama: aku', '2025-08-17 15:35:48');
INSERT INTO `audit_log` (`id`, `user_id`, `action`, `detail`, `created_at`) VALUES ('150', '1', 'edit_siswa', 'ID: 7, Nama: AHMAD HILMI FUADI', '2025-08-17 15:39:18');
INSERT INTO `audit_log` (`id`, `user_id`, `action`, `detail`, `created_at`) VALUES ('151', '1', 'edit_siswa', 'ID: 43, Nama: ANGGUN SAPUTRA', '2025-08-17 15:39:23');
INSERT INTO `audit_log` (`id`, `user_id`, `action`, `detail`, `created_at`) VALUES ('152', '1', 'edit_siswa', 'ID: 45, Nama: ARTA NABILLA', '2025-08-17 15:39:28');
INSERT INTO `audit_log` (`id`, `user_id`, `action`, `detail`, `created_at`) VALUES ('153', '1', 'edit_siswa', 'ID: 46, Nama: BAYU MONO OKTARA', '2025-08-17 15:39:42');
INSERT INTO `audit_log` (`id`, `user_id`, `action`, `detail`, `created_at`) VALUES ('154', '1', 'edit_siswa', 'ID: 49, Nama: DINTA AYU RADHIA PRAMESTI', '2025-08-17 15:39:47');
INSERT INTO `audit_log` (`id`, `user_id`, `action`, `detail`, `created_at`) VALUES ('155', '1', 'edit_siswa', 'ID: 47, Nama: DAFFA MUHAMMAD ARRAFI', '2025-08-17 15:39:52');
INSERT INTO `audit_log` (`id`, `user_id`, `action`, `detail`, `created_at`) VALUES ('156', '1', 'edit_siswa', 'ID: 22, Nama: LAELA NESYA SALWA', '2025-08-17 15:39:58');
INSERT INTO `audit_log` (`id`, `user_id`, `action`, `detail`, `created_at`) VALUES ('157', '1', 'edit_siswa', 'ID: 76, Nama: ZAKI HASANUDIN', '2025-08-17 15:40:12');
INSERT INTO `audit_log` (`id`, `user_id`, `action`, `detail`, `created_at`) VALUES ('158', '1', 'edit_siswa', 'ID: 55, Nama: GINARIS RAHITA PUTRI APRILIA', '2025-08-17 15:40:18');
INSERT INTO `audit_log` (`id`, `user_id`, `action`, `detail`, `created_at`) VALUES ('159', '1', 'hapus_siswa', 'ID: 6, Nama: M H Zayyan', '2025-08-17 15:41:32');
INSERT INTO `audit_log` (`id`, `user_id`, `action`, `detail`, `created_at`) VALUES ('160', '1', 'tambah_pembimbing', 'Nama: Heri Sugiyanta,S.T, NIP: 1983, Username: herys', '2025-08-17 15:44:38');
INSERT INTO `audit_log` (`id`, `user_id`, `action`, `detail`, `created_at`) VALUES ('161', '1', 'edit_pembimbing', 'ID: 6, Nama: Heri Sugiyanta,S.T, NIP: 1983, Username: 1983, Password: diubah', '2025-08-17 15:44:59');
INSERT INTO `audit_log` (`id`, `user_id`, `action`, `detail`, `created_at`) VALUES ('162', '1', 'edit_pembimbing', 'ID: 6, Nama: Heri Sugiyanta,S.T, NIP: 198321122009031055, Username: heri83, Password: diubah', '2025-08-17 15:45:57');
INSERT INTO `audit_log` (`id`, `user_id`, `action`, `detail`, `created_at`) VALUES ('163', '1', 'edit_pembimbing', 'ID: 6, Nama: Heri Sugiyanta,S.T, NIP: 198321122009031055, Username: hery1983', '2025-08-17 15:46:52');
INSERT INTO `audit_log` (`id`, `user_id`, `action`, `detail`, `created_at`) VALUES ('164', '1', 'edit_siswa', 'ID: 41, Nama: AFIK RAHARDIAN', '2025-08-17 15:49:39');
INSERT INTO `audit_log` (`id`, `user_id`, `action`, `detail`, `created_at`) VALUES ('165', '1', 'edit_siswa', 'ID: 11, Nama: AULIA NURSYAFA', '2025-08-17 15:49:48');
INSERT INTO `audit_log` (`id`, `user_id`, `action`, `detail`, `created_at`) VALUES ('166', '1', 'edit_siswa', 'ID: 12, Nama: BIAN SAPUTRA', '2025-08-17 15:49:56');
INSERT INTO `audit_log` (`id`, `user_id`, `action`, `detail`, `created_at`) VALUES ('167', '1', 'edit_siswa', 'ID: 10, Nama: ATFY ZUL ALIFA', '2025-08-17 15:50:05');
INSERT INTO `audit_log` (`id`, `user_id`, `action`, `detail`, `created_at`) VALUES ('168', '1', 'logout', '', '2025-08-17 15:52:52');
INSERT INTO `audit_log` (`id`, `user_id`, `action`, `detail`, `created_at`) VALUES ('169', '1', 'login', '', '2025-08-17 15:52:57');
INSERT INTO `audit_log` (`id`, `user_id`, `action`, `detail`, `created_at`) VALUES ('170', '1', 'logout', '', '2025-08-17 16:01:16');
INSERT INTO `audit_log` (`id`, `user_id`, `action`, `detail`, `created_at`) VALUES ('171', '1', 'login', '', '2025-08-17 16:01:22');
INSERT INTO `audit_log` (`id`, `user_id`, `action`, `detail`, `created_at`) VALUES ('172', '1', 'profile_update', 'Mengupdate pengaturan aplikasi: {\"app_title\":\"Sistem Absensi PKL\",\"gps_radius\":\"150\",\"max_upload_size\":\"1\",\"session_timeout\":\"3600\"}', '2025-08-17 16:09:43');
INSERT INTO `audit_log` (`id`, `user_id`, `action`, `detail`, `created_at`) VALUES ('173', '49', 'login', '', '2025-08-17 16:12:25');
INSERT INTO `audit_log` (`id`, `user_id`, `action`, `detail`, `created_at`) VALUES ('174', '49', 'absen', 'Absen datang - Lat: -7.3782031, Lng: 110.2666148, Jarak: 1.64m', '2025-08-17 16:14:36');
INSERT INTO `audit_log` (`id`, `user_id`, `action`, `detail`, `created_at`) VALUES ('175', '49', 'absen', 'Absen pulang - Lat: -7.3784106, Lng: 110.2666216, Jarak: 23.31m', '2025-08-17 16:15:17');
INSERT INTO `audit_log` (`id`, `user_id`, `action`, `detail`, `created_at`) VALUES ('176', '49', 'logout', '', '2025-08-17 16:16:01');
INSERT INTO `audit_log` (`id`, `user_id`, `action`, `detail`, `created_at`) VALUES ('177', '14', 'login', '', '2025-08-17 16:19:44');
INSERT INTO `audit_log` (`id`, `user_id`, `action`, `detail`, `created_at`) VALUES ('178', '1', 'edit_siswa', 'ID: 14, Nama: DESTI RYA AMANDA', '2025-08-17 16:21:17');
INSERT INTO `audit_log` (`id`, `user_id`, `action`, `detail`, `created_at`) VALUES ('179', '47', 'login', '', '2025-08-17 16:42:45');
INSERT INTO `audit_log` (`id`, `user_id`, `action`, `detail`, `created_at`) VALUES ('180', '47', 'absen', 'Absen datang - Lat: -7.3782719, Lng: 110.2666514, Jarak: 9.61m', '2025-08-17 16:43:02');
INSERT INTO `audit_log` (`id`, `user_id`, `action`, `detail`, `created_at`) VALUES ('181', '8', 'login', '', '2025-08-17 16:51:03');
INSERT INTO `audit_log` (`id`, `user_id`, `action`, `detail`, `created_at`) VALUES ('182', '1', 'logout', '', '2025-08-17 17:09:34');
INSERT INTO `audit_log` (`id`, `user_id`, `action`, `detail`, `created_at`) VALUES ('183', '1', 'login', '', '2025-08-17 17:09:39');
INSERT INTO `audit_log` (`id`, `user_id`, `action`, `detail`, `created_at`) VALUES ('184', '47', 'absen', 'Absen pulang - Lat: -7.3782949, Lng: 110.2666387, Jarak: 11.17m', '2025-08-17 17:11:25');
INSERT INTO `audit_log` (`id`, `user_id`, `action`, `detail`, `created_at`) VALUES ('185', '1', 'export_xls', 'Export laporan absensi periode 2025-07-18 sampai 2025-08-17', '2025-08-17 17:17:54');
INSERT INTO `audit_log` (`id`, `user_id`, `action`, `detail`, `created_at`) VALUES ('186', '1', 'print_report', 'Print laporan absensi periode 2025-07-18 sampai 2025-08-17', '2025-08-17 17:23:40');
INSERT INTO `audit_log` (`id`, `user_id`, `action`, `detail`, `created_at`) VALUES ('187', '1', 'print_report', 'Print laporan absensi periode 2025-07-18 sampai 2025-08-17', '2025-08-17 17:34:46');
INSERT INTO `audit_log` (`id`, `user_id`, `action`, `detail`, `created_at`) VALUES ('188', '1', 'print_report', 'Print laporan absensi periode 2025-07-18 sampai 2025-08-17', '2025-08-17 17:35:16');
INSERT INTO `audit_log` (`id`, `user_id`, `action`, `detail`, `created_at`) VALUES ('189', '1', 'print_report', 'Print laporan absensi periode 2025-07-18 sampai 2025-08-17', '2025-08-17 17:47:57');
INSERT INTO `audit_log` (`id`, `user_id`, `action`, `detail`, `created_at`) VALUES ('190', '1', 'print_report', 'Print laporan absensi periode 2025-07-18 sampai 2025-08-17', '2025-08-17 18:03:46');
INSERT INTO `audit_log` (`id`, `user_id`, `action`, `detail`, `created_at`) VALUES ('191', '1', 'database_backup', 'Backup database berhasil: backup_absensi_pkl_2025-08-17_13-09-21.sql', '2025-08-17 18:09:21');

-- Struktur tabel `pembimbing`
DROP TABLE IF EXISTS `pembimbing`;
CREATE TABLE `pembimbing` (
  `id` int(11) NOT NULL AUTO_INCREMENT,
  `nama` varchar(255) NOT NULL,
  `nip` varchar(18) NOT NULL,
  `user_id` int(11) DEFAULT NULL,
  `created_at` timestamp NOT NULL DEFAULT current_timestamp(),
  `updated_at` timestamp NOT NULL DEFAULT current_timestamp() ON UPDATE current_timestamp(),
  PRIMARY KEY (`id`),
  UNIQUE KEY `nip` (`nip`)
) ENGINE=InnoDB AUTO_INCREMENT=7 DEFAULT CHARSET=utf8mb4 COLLATE=utf8mb4_unicode_ci;

-- Data untuk tabel `pembimbing`
INSERT INTO `pembimbing` (`id`, `nama`, `nip`, `user_id`, `created_at`, `updated_at`) VALUES ('2', 'Dra. Siti Nurhaliza, M.Pd', '198502022010022002', '8', '2025-08-17 00:55:27', '2025-08-17 01:07:49');
INSERT INTO `pembimbing` (`id`, `nama`, `nip`, `user_id`, `created_at`, `updated_at`) VALUES ('3', 'Ir. Bambang Setiawan, M.T', '198503032010032003', '9', '2025-08-17 00:55:27', '2025-08-17 01:07:49');
INSERT INTO `pembimbing` (`id`, `nama`, `nip`, `user_id`, `created_at`, `updated_at`) VALUES ('4', 'Budi Purwanto', '123456789455555555', '7', '2025-08-17 00:56:20', '2025-08-17 01:07:49');
INSERT INTO `pembimbing` (`id`, `nama`, `nip`, `user_id`, `created_at`, `updated_at`) VALUES ('6', 'Heri Sugiyanta,S.T', '198321122009031055', NULL, '2025-08-17 15:44:38', '2025-08-17 15:45:57');

-- Struktur tabel `siswa`
DROP TABLE IF EXISTS `siswa`;
CREATE TABLE `siswa` (
  `id` int(11) NOT NULL AUTO_INCREMENT,
  `user_id` int(11) DEFAULT NULL,
  `nis` varchar(50) NOT NULL,
  `nama` varchar(100) NOT NULL,
  `kelas` varchar(50) NOT NULL,
  `pembimbing_id` int(11) NOT NULL,
  `tempat_pkl_id` int(11) NOT NULL,
  PRIMARY KEY (`id`),
  KEY `user_id` (`user_id`),
  KEY `pembimbing_id` (`pembimbing_id`),
  KEY `tempat_pkl_id` (`tempat_pkl_id`),
  CONSTRAINT `siswa_ibfk_1` FOREIGN KEY (`user_id`) REFERENCES `users` (`id`) ON DELETE SET NULL,
  CONSTRAINT `siswa_ibfk_2` FOREIGN KEY (`pembimbing_id`) REFERENCES `users` (`id`) ON DELETE CASCADE,
  CONSTRAINT `siswa_ibfk_3` FOREIGN KEY (`tempat_pkl_id`) REFERENCES `tempat_pkl` (`id`) ON DELETE CASCADE
) ENGINE=InnoDB AUTO_INCREMENT=77 DEFAULT CHARSET=utf8mb4 COLLATE=utf8mb4_unicode_ci;

-- Data untuk tabel `siswa`
INSERT INTO `siswa` (`id`, `user_id`, `nis`, `nama`, `kelas`, `pembimbing_id`, `tempat_pkl_id`) VALUES ('7', '11', '2245', 'AHMAD HILMI FUADI', 'XIITJK1', '9', '2');
INSERT INTO `siswa` (`id`, `user_id`, `nis`, `nama`, `kelas`, `pembimbing_id`, `tempat_pkl_id`) VALUES ('8', '12', '2246', 'AJI ABASTIAN', 'XIITJK1', '7', '2');
INSERT INTO `siswa` (`id`, `user_id`, `nis`, `nama`, `kelas`, `pembimbing_id`, `tempat_pkl_id`) VALUES ('9', '13', '2247', 'AMELIA TIARA APSARI', 'XIITJK1', '7', '2');
INSERT INTO `siswa` (`id`, `user_id`, `nis`, `nama`, `kelas`, `pembimbing_id`, `tempat_pkl_id`) VALUES ('10', '14', '2248', 'ATFY ZUL ALIFA', 'XIITJK1', '81', '3');
INSERT INTO `siswa` (`id`, `user_id`, `nis`, `nama`, `kelas`, `pembimbing_id`, `tempat_pkl_id`) VALUES ('11', '15', '2249', 'AULIA NURSYAFA', 'XIITJK1', '7', '1');
INSERT INTO `siswa` (`id`, `user_id`, `nis`, `nama`, `kelas`, `pembimbing_id`, `tempat_pkl_id`) VALUES ('12', '16', '2250', 'BIAN SAPUTRA', 'XIITJK1', '2', '4');
INSERT INTO `siswa` (`id`, `user_id`, `nis`, `nama`, `kelas`, `pembimbing_id`, `tempat_pkl_id`) VALUES ('13', '17', '2251', 'DENI SETIYAWAN', 'XIITJK1', '7', '2');
INSERT INTO `siswa` (`id`, `user_id`, `nis`, `nama`, `kelas`, `pembimbing_id`, `tempat_pkl_id`) VALUES ('14', '18', '2252', 'DESTI RYA AMANDA', 'XIITJK1', '81', '3');
INSERT INTO `siswa` (`id`, `user_id`, `nis`, `nama`, `kelas`, `pembimbing_id`, `tempat_pkl_id`) VALUES ('15', '19', '2253', 'FATKHUL HIKAM', 'XIITJK1', '7', '2');
INSERT INTO `siswa` (`id`, `user_id`, `nis`, `nama`, `kelas`, `pembimbing_id`, `tempat_pkl_id`) VALUES ('16', '20', '2254', 'FHADILAH RAHMA ALIFA', 'XIITJK1', '7', '2');
INSERT INTO `siswa` (`id`, `user_id`, `nis`, `nama`, `kelas`, `pembimbing_id`, `tempat_pkl_id`) VALUES ('17', '21', '2255', 'FITRI RAHAYU', 'XIITJK1', '7', '2');
INSERT INTO `siswa` (`id`, `user_id`, `nis`, `nama`, `kelas`, `pembimbing_id`, `tempat_pkl_id`) VALUES ('18', '22', '2256', 'GANINDYA ALUN ULLAYA', 'XIITJK1', '7', '2');
INSERT INTO `siswa` (`id`, `user_id`, `nis`, `nama`, `kelas`, `pembimbing_id`, `tempat_pkl_id`) VALUES ('19', '23', '2257', 'GILANG KURNIAWAN', 'XIITJK1', '7', '2');
INSERT INTO `siswa` (`id`, `user_id`, `nis`, `nama`, `kelas`, `pembimbing_id`, `tempat_pkl_id`) VALUES ('20', '24', '2258', 'HAYUAN NAYLIL YUSUFA', 'XIITJK1', '7', '2');
INSERT INTO `siswa` (`id`, `user_id`, `nis`, `nama`, `kelas`, `pembimbing_id`, `tempat_pkl_id`) VALUES ('21', '25', '2259', 'IKA ERLIYANA', 'XIITJK1', '7', '2');
INSERT INTO `siswa` (`id`, `user_id`, `nis`, `nama`, `kelas`, `pembimbing_id`, `tempat_pkl_id`) VALUES ('22', '26', '2260', 'LAELA NESYA SALWA', 'XIITJK1', '9', '2');
INSERT INTO `siswa` (`id`, `user_id`, `nis`, `nama`, `kelas`, `pembimbing_id`, `tempat_pkl_id`) VALUES ('23', '27', '2261', 'LINA HIDAYATUL MAGFIROH', 'XIITJK1', '7', '2');
INSERT INTO `siswa` (`id`, `user_id`, `nis`, `nama`, `kelas`, `pembimbing_id`, `tempat_pkl_id`) VALUES ('24', '28', '2262', 'MELFIA SAPUTRI', 'XIITJK1', '7', '2');
INSERT INTO `siswa` (`id`, `user_id`, `nis`, `nama`, `kelas`, `pembimbing_id`, `tempat_pkl_id`) VALUES ('25', '29', '2263', 'MUHAMAD GALANG FEBRIYANTO', 'XIITJK1', '7', '2');
INSERT INTO `siswa` (`id`, `user_id`, `nis`, `nama`, `kelas`, `pembimbing_id`, `tempat_pkl_id`) VALUES ('26', '30', '2264', 'MUHAMAD NAUFAL LUKMAN HAKIM', 'XIITJK1', '7', '2');
INSERT INTO `siswa` (`id`, `user_id`, `nis`, `nama`, `kelas`, `pembimbing_id`, `tempat_pkl_id`) VALUES ('27', '31', '2265', 'MUHAMMAD DIMAS ANDRIYAN', 'XIITJK1', '7', '2');
INSERT INTO `siswa` (`id`, `user_id`, `nis`, `nama`, `kelas`, `pembimbing_id`, `tempat_pkl_id`) VALUES ('28', '32', '2266', 'NISA PUJI ASTUTI', 'XIITJK1', '7', '2');
INSERT INTO `siswa` (`id`, `user_id`, `nis`, `nama`, `kelas`, `pembimbing_id`, `tempat_pkl_id`) VALUES ('29', '33', '2267', 'RAFIKA DIAZ UTOMO', 'XIITJK1', '7', '2');
INSERT INTO `siswa` (`id`, `user_id`, `nis`, `nama`, `kelas`, `pembimbing_id`, `tempat_pkl_id`) VALUES ('30', '34', '2268', 'RAHAYU CITRA NUGRAHENY', 'XIITJK1', '7', '2');
INSERT INTO `siswa` (`id`, `user_id`, `nis`, `nama`, `kelas`, `pembimbing_id`, `tempat_pkl_id`) VALUES ('31', '35', '2269', 'RESTU KHOIRUL \'ULUM', 'XIITJK1', '7', '2');
INSERT INTO `siswa` (`id`, `user_id`, `nis`, `nama`, `kelas`, `pembimbing_id`, `tempat_pkl_id`) VALUES ('32', '36', '2270', 'RHEVANNIAR SEPTYANDI', 'XIITJK1', '7', '2');
INSERT INTO `siswa` (`id`, `user_id`, `nis`, `nama`, `kelas`, `pembimbing_id`, `tempat_pkl_id`) VALUES ('33', '37', '2272', 'SALAMA CHOIRUL HUFRON', 'XIITJK1', '7', '2');
INSERT INTO `siswa` (`id`, `user_id`, `nis`, `nama`, `kelas`, `pembimbing_id`, `tempat_pkl_id`) VALUES ('34', '38', '2273', 'SARI NURANI FATIMAH', 'XIITJK1', '7', '2');
INSERT INTO `siswa` (`id`, `user_id`, `nis`, `nama`, `kelas`, `pembimbing_id`, `tempat_pkl_id`) VALUES ('35', '39', '2274', 'SEPTI RAMANDHANI', 'XIITJK1', '7', '2');
INSERT INTO `siswa` (`id`, `user_id`, `nis`, `nama`, `kelas`, `pembimbing_id`, `tempat_pkl_id`) VALUES ('36', '40', '2275', 'SINDI CITRA APRILIA', 'XIITJK1', '7', '2');
INSERT INTO `siswa` (`id`, `user_id`, `nis`, `nama`, `kelas`, `pembimbing_id`, `tempat_pkl_id`) VALUES ('37', '41', '2276', 'SITI MUNAWAROH', 'XIITJK1', '7', '2');
INSERT INTO `siswa` (`id`, `user_id`, `nis`, `nama`, `kelas`, `pembimbing_id`, `tempat_pkl_id`) VALUES ('38', '42', '2277', 'TALITA CAHYA NINGRUM', 'XIITJK1', '7', '2');
INSERT INTO `siswa` (`id`, `user_id`, `nis`, `nama`, `kelas`, `pembimbing_id`, `tempat_pkl_id`) VALUES ('39', '43', '2278', 'TUBAGUS BUDI SATYA DARMA', 'XIITJK1', '7', '2');
INSERT INTO `siswa` (`id`, `user_id`, `nis`, `nama`, `kelas`, `pembimbing_id`, `tempat_pkl_id`) VALUES ('40', '44', '2279', 'YUSMAN MAWARDI', 'XIITJK1', '7', '2');
INSERT INTO `siswa` (`id`, `user_id`, `nis`, `nama`, `kelas`, `pembimbing_id`, `tempat_pkl_id`) VALUES ('41', '45', '2208', 'AFIK RAHARDIAN', 'XIITJK2', '8', '4');
INSERT INTO `siswa` (`id`, `user_id`, `nis`, `nama`, `kelas`, `pembimbing_id`, `tempat_pkl_id`) VALUES ('42', '46', '2209', 'AHMAD DAFIN NUGROHO', 'XIITJK2', '7', '2');
INSERT INTO `siswa` (`id`, `user_id`, `nis`, `nama`, `kelas`, `pembimbing_id`, `tempat_pkl_id`) VALUES ('43', '47', '2210', 'ANGGUN SAPUTRA', 'XIITJK2', '9', '2');
INSERT INTO `siswa` (`id`, `user_id`, `nis`, `nama`, `kelas`, `pembimbing_id`, `tempat_pkl_id`) VALUES ('44', '48', '2211', 'ANJAR BASTIANTO', 'XIITJK2', '7', '2');
INSERT INTO `siswa` (`id`, `user_id`, `nis`, `nama`, `kelas`, `pembimbing_id`, `tempat_pkl_id`) VALUES ('45', '49', '2212', 'ARTA NABILLA', 'XIITJK2', '9', '2');
INSERT INTO `siswa` (`id`, `user_id`, `nis`, `nama`, `kelas`, `pembimbing_id`, `tempat_pkl_id`) VALUES ('46', '50', '2213', 'BAYU MONO OKTARA', 'XIITJK2', '8', '2');
INSERT INTO `siswa` (`id`, `user_id`, `nis`, `nama`, `kelas`, `pembimbing_id`, `tempat_pkl_id`) VALUES ('47', '51', '2214', 'DAFFA MUHAMMAD ARRAFI', 'XIITJK2', '9', '2');
INSERT INTO `siswa` (`id`, `user_id`, `nis`, `nama`, `kelas`, `pembimbing_id`, `tempat_pkl_id`) VALUES ('48', '52', '2215', 'DESTA ANDARA', 'XIITJK2', '7', '2');
INSERT INTO `siswa` (`id`, `user_id`, `nis`, `nama`, `kelas`, `pembimbing_id`, `tempat_pkl_id`) VALUES ('49', '53', '2216', 'DINTA AYU RADHIA PRAMESTI', 'XIITJK2', '8', '2');
INSERT INTO `siswa` (`id`, `user_id`, `nis`, `nama`, `kelas`, `pembimbing_id`, `tempat_pkl_id`) VALUES ('50', '54', '2217', 'DUWI ASTUTIK', 'XIITJK2', '7', '2');
INSERT INTO `siswa` (`id`, `user_id`, `nis`, `nama`, `kelas`, `pembimbing_id`, `tempat_pkl_id`) VALUES ('51', '55', '2218', 'FARHAN ADI NUROHMAN', 'XIITJK2', '7', '2');
INSERT INTO `siswa` (`id`, `user_id`, `nis`, `nama`, `kelas`, `pembimbing_id`, `tempat_pkl_id`) VALUES ('52', '56', '2219', 'FEBRIANA WAHYU ASTUTI', 'XIITJK2', '7', '2');
INSERT INTO `siswa` (`id`, `user_id`, `nis`, `nama`, `kelas`, `pembimbing_id`, `tempat_pkl_id`) VALUES ('53', '57', '2220', 'FIO KHABIB FAHRIZAL', 'XIITJK2', '7', '2');
INSERT INTO `siswa` (`id`, `user_id`, `nis`, `nama`, `kelas`, `pembimbing_id`, `tempat_pkl_id`) VALUES ('54', '58', '2221', 'GALANG ANGGER SETIAWAN', 'XIITJK2', '7', '2');
INSERT INTO `siswa` (`id`, `user_id`, `nis`, `nama`, `kelas`, `pembimbing_id`, `tempat_pkl_id`) VALUES ('55', '59', '2222', 'GINARIS RAHITA PUTRI APRILIA', 'XIITJK2', '9', '2');
INSERT INTO `siswa` (`id`, `user_id`, `nis`, `nama`, `kelas`, `pembimbing_id`, `tempat_pkl_id`) VALUES ('56', '60', '2223', 'HAYU NUR RAHMAWATI', 'XIITJK2', '7', '2');
INSERT INTO `siswa` (`id`, `user_id`, `nis`, `nama`, `kelas`, `pembimbing_id`, `tempat_pkl_id`) VALUES ('57', '61', '2224', 'INDAH KURNIA ULFA', 'XIITJK2', '7', '2');
INSERT INTO `siswa` (`id`, `user_id`, `nis`, `nama`, `kelas`, `pembimbing_id`, `tempat_pkl_id`) VALUES ('58', '62', '2225', 'KAYLLA DESTA KHOIRRUNIZA', 'XIITJK2', '7', '2');
INSERT INTO `siswa` (`id`, `user_id`, `nis`, `nama`, `kelas`, `pembimbing_id`, `tempat_pkl_id`) VALUES ('59', '63', '2226', 'LAELATUL NASYIFA', 'XIITJK2', '7', '2');
INSERT INTO `siswa` (`id`, `user_id`, `nis`, `nama`, `kelas`, `pembimbing_id`, `tempat_pkl_id`) VALUES ('60', '64', '2227', 'LILA AGUSTINA', 'XIITJK2', '7', '2');
INSERT INTO `siswa` (`id`, `user_id`, `nis`, `nama`, `kelas`, `pembimbing_id`, `tempat_pkl_id`) VALUES ('61', '65', '2228', 'LINTANG AJI CAHYA', 'XIITJK2', '7', '2');
INSERT INTO `siswa` (`id`, `user_id`, `nis`, `nama`, `kelas`, `pembimbing_id`, `tempat_pkl_id`) VALUES ('62', '66', '2229', 'LULUK KHUMAERAH', 'XIITJK2', '7', '2');
INSERT INTO `siswa` (`id`, `user_id`, `nis`, `nama`, `kelas`, `pembimbing_id`, `tempat_pkl_id`) VALUES ('63', '67', '2230', 'MAYSAHARANNISA', 'XIITJK2', '7', '2');
INSERT INTO `siswa` (`id`, `user_id`, `nis`, `nama`, `kelas`, `pembimbing_id`, `tempat_pkl_id`) VALUES ('64', '68', '2231', 'MUHAMMAD AL FATIH NAWAHA', 'XIITJK2', '7', '2');
INSERT INTO `siswa` (`id`, `user_id`, `nis`, `nama`, `kelas`, `pembimbing_id`, `tempat_pkl_id`) VALUES ('65', '69', '2232', 'MUKHAMAD MAHSUNNIZAM', 'XIITJK2', '7', '2');
INSERT INTO `siswa` (`id`, `user_id`, `nis`, `nama`, `kelas`, `pembimbing_id`, `tempat_pkl_id`) VALUES ('66', '70', '2233', 'OKTA SELVIANA', 'XIITJK2', '7', '2');
INSERT INTO `siswa` (`id`, `user_id`, `nis`, `nama`, `kelas`, `pembimbing_id`, `tempat_pkl_id`) VALUES ('67', '71', '2234', 'REFAL AKHYA FIRDAUS', 'XIITJK2', '7', '2');
INSERT INTO `siswa` (`id`, `user_id`, `nis`, `nama`, `kelas`, `pembimbing_id`, `tempat_pkl_id`) VALUES ('68', '72', '2235', 'RIDHOTU FAIZAL', 'XIITJK2', '7', '2');
INSERT INTO `siswa` (`id`, `user_id`, `nis`, `nama`, `kelas`, `pembimbing_id`, `tempat_pkl_id`) VALUES ('69', '73', '2236', 'RIDWAN NUR ARDIANSYAH', 'XIITJK2', '7', '2');
INSERT INTO `siswa` (`id`, `user_id`, `nis`, `nama`, `kelas`, `pembimbing_id`, `tempat_pkl_id`) VALUES ('70', '74', '2237', 'SEFTIA RAMANDANI OFTAVIA', 'XIITJK2', '7', '2');
INSERT INTO `siswa` (`id`, `user_id`, `nis`, `nama`, `kelas`, `pembimbing_id`, `tempat_pkl_id`) VALUES ('71', '75', '2238', 'SIMA FAREHAN APRILIA AHMAD', 'XIITJK2', '7', '2');
INSERT INTO `siswa` (`id`, `user_id`, `nis`, `nama`, `kelas`, `pembimbing_id`, `tempat_pkl_id`) VALUES ('72', '76', '2239', 'SITI NUR KHOLIMAH MONICA ARTA', 'XIITJK2', '7', '2');
INSERT INTO `siswa` (`id`, `user_id`, `nis`, `nama`, `kelas`, `pembimbing_id`, `tempat_pkl_id`) VALUES ('73', '77', '2240', 'WASIK MUNAFI\'AH', 'XIITJK2', '7', '2');
INSERT INTO `siswa` (`id`, `user_id`, `nis`, `nama`, `kelas`, `pembimbing_id`, `tempat_pkl_id`) VALUES ('74', '78', '2241', 'WENDI ASTINA', 'XIITJK2', '7', '2');
INSERT INTO `siswa` (`id`, `user_id`, `nis`, `nama`, `kelas`, `pembimbing_id`, `tempat_pkl_id`) VALUES ('75', '79', '2242', 'ZAHROTUS SYITA', 'XIITJK2', '7', '2');
INSERT INTO `siswa` (`id`, `user_id`, `nis`, `nama`, `kelas`, `pembimbing_id`, `tempat_pkl_id`) VALUES ('76', '80', '2243', 'ZAKI HASANUDIN', 'XIITJK2', '9', '2');

-- Struktur tabel `tempat_pkl`
DROP TABLE IF EXISTS `tempat_pkl`;
CREATE TABLE `tempat_pkl` (
  `id` int(11) NOT NULL AUTO_INCREMENT,
  `nama` varchar(150) NOT NULL,
  `lat` decimal(10,7) NOT NULL,
  `lng` decimal(10,7) NOT NULL,
  `radius_m` int(11) NOT NULL DEFAULT 150,
  PRIMARY KEY (`id`)
) ENGINE=InnoDB AUTO_INCREMENT=5 DEFAULT CHARSET=utf8mb4 COLLATE=utf8mb4_unicode_ci;

-- Data untuk tabel `tempat_pkl`
INSERT INTO `tempat_pkl` (`id`, `nama`, `lat`, `lng`, `radius_m`) VALUES ('1', 'PT Contoh Teknologi', '-6.2000000', '106.8166667', '150');
INSERT INTO `tempat_pkl` (`id`, `nama`, `lat`, `lng`, `radius_m`) VALUES ('2', 'Kafi Komputer', '-7.3782021', '110.2666000', '150');
INSERT INTO `tempat_pkl` (`id`, `nama`, `lat`, `lng`, `radius_m`) VALUES ('3', 'Muffaindo', '-7.4011000', '110.2312000', '50');
INSERT INTO `tempat_pkl` (`id`, `nama`, `lat`, `lng`, `radius_m`) VALUES ('4', 'PT CMDJ Temanggung', '-7.3215000', '110.3072000', '150');

-- Struktur tabel `users`
DROP TABLE IF EXISTS `users`;
CREATE TABLE `users` (
  `id` int(11) NOT NULL AUTO_INCREMENT,
  `username` varchar(50) NOT NULL,
  `password_hash` varchar(255) NOT NULL,
  `role` enum('admin','pembimbing','siswa') NOT NULL,
  `name` varchar(100) NOT NULL,
  PRIMARY KEY (`id`),
  UNIQUE KEY `username` (`username`)
) ENGINE=InnoDB AUTO_INCREMENT=82 DEFAULT CHARSET=utf8mb4 COLLATE=utf8mb4_unicode_ci;

-- Data untuk tabel `users`
INSERT INTO `users` (`id`, `username`, `password_hash`, `role`, `name`) VALUES ('1', 'admin', '$2y$10$OA.A8EQCWYEj0WJbQaFBD.t/rcqQxr5LA/0qONoakAuGlUtKXca2i', 'admin', 'Administrator');
INSERT INTO `users` (`id`, `username`, `password_hash`, `role`, `name`) VALUES ('2', 'pemb1', '$2y$10$OA.A8EQCWYEj0WJbQaFBD.t/rcqQxr5LA/0qONoakAuGlUtKXca2i', 'pembimbing', 'Pembimbing Satu');
INSERT INTO `users` (`id`, `username`, `password_hash`, `role`, `name`) VALUES ('7', 'pemb123456789455555555', '$2y$10$dHPpf3IK.RbtnpqLF1NNV.OxzEF7N1viCAQbj55zp.c31IabAjZ56', 'pembimbing', 'Budi Purwanto');
INSERT INTO `users` (`id`, `username`, `password_hash`, `role`, `name`) VALUES ('8', 'pemb198502022010022002', '$2y$10$y/i3CO0WCg.g8em6ap5IkubXpSN3Cxq.5tgKkTGqZv7KIzOAk72HC', 'pembimbing', 'Dra. Siti Nurhaliza, M.Pd');
INSERT INTO `users` (`id`, `username`, `password_hash`, `role`, `name`) VALUES ('9', 'pemb198503032010032003', '$2y$10$ouaQM5buOT5rys9wLyggu.t5jE3qcWSolNrVb3.u6YDPSlfkXS1qm', 'pembimbing', 'Ir. Bambang Setiawan, M.T');
INSERT INTO `users` (`id`, `username`, `password_hash`, `role`, `name`) VALUES ('11', '2245', '$2y$10$fe9S15D3g.sEc6sm9pCRa.5KvTyG6VC9jlFn23iXhBs7G6858WRj2', 'siswa', 'AHMAD HILMI FUADI');
INSERT INTO `users` (`id`, `username`, `password_hash`, `role`, `name`) VALUES ('12', '2246', '$2y$10$GgamDRKNqIWFtkEWKyl.puoPF0zhL93YSh5Dq3XuS5ecp8yKxrxQ6', 'siswa', 'AJI ABASTIAN');
INSERT INTO `users` (`id`, `username`, `password_hash`, `role`, `name`) VALUES ('13', '2247', '$2y$10$kzYujuA7SToLaYETR2T9y.NdG6XlY11VJEWV38BUi7DBt7vuwuC.2', 'siswa', 'AMELIA TIARA APSARI');
INSERT INTO `users` (`id`, `username`, `password_hash`, `role`, `name`) VALUES ('14', '2248', '$2y$10$Nv0axDe/Y3FVz9CNOOZE.ey7FRAbEkX94qs4CmAtq1JakPZJLV/cm', 'siswa', 'ATFY ZUL ALIFA');
INSERT INTO `users` (`id`, `username`, `password_hash`, `role`, `name`) VALUES ('15', '2249', '$2y$10$5myNTHFv4EnivfG7Y7BeWO/cVixn9Sxf7GVbZHnB8/YQ53n/Wh0CS', 'siswa', 'AULIA NURSYAFA');
INSERT INTO `users` (`id`, `username`, `password_hash`, `role`, `name`) VALUES ('16', '2250', '$2y$10$h.JKysFysXJ/usEwuNEW/euWVyFoUVSu237wQiAX5pLiZVSuxHzFq', 'siswa', 'BIAN SAPUTRA');
INSERT INTO `users` (`id`, `username`, `password_hash`, `role`, `name`) VALUES ('17', '2251', '$2y$10$U66KN5NQp9PT.0NRs4iSKexCWcnf7pDlcLooD80RXJIF4D.IGU8gS', 'siswa', 'DENI SETIYAWAN');
INSERT INTO `users` (`id`, `username`, `password_hash`, `role`, `name`) VALUES ('18', '2252', '$2y$10$GfC9t6pqv5MGvF3jXFRwW.1dCETvkMisB8sHTQv/xUlaqpeWpaKwu', 'siswa', 'DESTI RYA AMANDA');
INSERT INTO `users` (`id`, `username`, `password_hash`, `role`, `name`) VALUES ('19', '2253', '$2y$10$eVG3d8uNsGwoDc0oWkOVW.ofhib/hAU7bKIXSXERdqDqq3wOZbkSm', 'siswa', 'FATKHUL HIKAM');
INSERT INTO `users` (`id`, `username`, `password_hash`, `role`, `name`) VALUES ('20', '2254', '$2y$10$qdSp8YSFgoX.T619db2pp.acyh8OQmM7/.o5sz4tRUPPRlqsxOOnS', 'siswa', 'FHADILAH RAHMA ALIFA');
INSERT INTO `users` (`id`, `username`, `password_hash`, `role`, `name`) VALUES ('21', '2255', '$2y$10$ualmN/C0L5oM.oBwH2002eMlxEifILgkAxU5aVuVC/fXa0elkrTgy', 'siswa', 'FITRI RAHAYU');
INSERT INTO `users` (`id`, `username`, `password_hash`, `role`, `name`) VALUES ('22', '2256', '$2y$10$d91shX6jQzk3FgXI2G.6WepPlmu98UOLkCnCoO1mNEdHXuUB5eCny', 'siswa', 'GANINDYA ALUN ULLAYA');
INSERT INTO `users` (`id`, `username`, `password_hash`, `role`, `name`) VALUES ('23', '2257', '$2y$10$/3jV3rPdgF1in6ljx.b0/O32gHfPGU0m1ip/TiFwNGBVbXrVvZfce', 'siswa', 'GILANG KURNIAWAN');
INSERT INTO `users` (`id`, `username`, `password_hash`, `role`, `name`) VALUES ('24', '2258', '$2y$10$JJeFexbC7gyPFgg4cN40AuZoOaR/ijbkIB8ALhpmhbzbJ73cxJKLa', 'siswa', 'HAYUAN NAYLIL YUSUFA');
INSERT INTO `users` (`id`, `username`, `password_hash`, `role`, `name`) VALUES ('25', '2259', '$2y$10$JPiWOTouOiV/.brKUg4Kv.n0e1jkrkswB93JfmpzpaH4C7HiFYocm', 'siswa', 'IKA ERLIYANA');
INSERT INTO `users` (`id`, `username`, `password_hash`, `role`, `name`) VALUES ('26', '2260', '$2y$10$Y6vl0WXyzhh9qKfPuuGIKeR3k2oDlH62KegOQohOMifX3grXiwII2', 'siswa', 'LAELA NESYA SALWA');
INSERT INTO `users` (`id`, `username`, `password_hash`, `role`, `name`) VALUES ('27', '2261', '$2y$10$doCirfWhQSb9b1hwzq1a6e2IuWWelVunJ0/GySKcXVWp3TB2YY6kC', 'siswa', 'LINA HIDAYATUL MAGFIROH');
INSERT INTO `users` (`id`, `username`, `password_hash`, `role`, `name`) VALUES ('28', '2262', '$2y$10$e.rWhMCjA9Qe.qsGSBvsl.I8t8kCWuRtdxvLcqSlZu448doNj4N9i', 'siswa', 'MELFIA SAPUTRI');
INSERT INTO `users` (`id`, `username`, `password_hash`, `role`, `name`) VALUES ('29', '2263', '$2y$10$6tf7wQyigEB2TgF6QKfl7OhoQs9Fiq9u8rfrlyMIMEZqLnWRWtAcC', 'siswa', 'MUHAMAD GALANG FEBRIYANTO');
INSERT INTO `users` (`id`, `username`, `password_hash`, `role`, `name`) VALUES ('30', '2264', '$2y$10$cjhXKKfXQFb200mONYQNL.jhGnzZgs0FqMr4ZMMaPCxNP4KWhgSha', 'siswa', 'MUHAMAD NAUFAL LUKMAN HAKIM');
INSERT INTO `users` (`id`, `username`, `password_hash`, `role`, `name`) VALUES ('31', '2265', '$2y$10$6nZVpABDW/EsjviYTIdAtehHai7jSwVa5fbw/7fGevHgz7iSPQFRS', 'siswa', 'MUHAMMAD DIMAS ANDRIYAN');
INSERT INTO `users` (`id`, `username`, `password_hash`, `role`, `name`) VALUES ('32', '2266', '$2y$10$e7LXcEUvH0XBtAUS.RoNM.gpupNz2RCFkl53loOKG9Zjz2ZK.0792', 'siswa', 'NISA PUJI ASTUTI');
INSERT INTO `users` (`id`, `username`, `password_hash`, `role`, `name`) VALUES ('33', '2267', '$2y$10$gCmd6KSqZGlEkPf.BSmY6erA9LJ143LafEBhZVSLVSmWB8OSb3XIe', 'siswa', 'RAFIKA DIAZ UTOMO');
INSERT INTO `users` (`id`, `username`, `password_hash`, `role`, `name`) VALUES ('34', '2268', '$2y$10$MPotTxOP9Ty9RP41DKDmLuq54xeVGmF2wxvAV33.l7/QA8HZExtV2', 'siswa', 'RAHAYU CITRA NUGRAHENY');
INSERT INTO `users` (`id`, `username`, `password_hash`, `role`, `name`) VALUES ('35', '2269', '$2y$10$oSLvC6Ry4F7Jl/epdRQldOrm76hTI3z0vCTb/DCh/RHEf62buWdN.', 'siswa', 'RESTU KHOIRUL \'ULUM');
INSERT INTO `users` (`id`, `username`, `password_hash`, `role`, `name`) VALUES ('36', '2270', '$2y$10$vgM1kj0VKSgmAi94NHMOEeAMyH05mehxAQlZ33Hz4ocaRA6.HnKbi', 'siswa', 'RHEVANNIAR SEPTYANDI');
INSERT INTO `users` (`id`, `username`, `password_hash`, `role`, `name`) VALUES ('37', '2272', '$2y$10$FO6iwmk6oy/svnD1fRPQbuqh/8TjstH1oEZNkuD73HDPjPGAb/b3C', 'siswa', 'SALAMA CHOIRUL HUFRON');
INSERT INTO `users` (`id`, `username`, `password_hash`, `role`, `name`) VALUES ('38', '2273', '$2y$10$OHZNM7aD6m.WIuInIg2rHOxMpYfcIqMWamQQfMSlKld23UvptwZiW', 'siswa', 'SARI NURANI FATIMAH');
INSERT INTO `users` (`id`, `username`, `password_hash`, `role`, `name`) VALUES ('39', '2274', '$2y$10$VKgtlo.tdgEWOCpsYryknuCF6AEPhfZtvMkz7kYyEW16/EjHfVIw.', 'siswa', 'SEPTI RAMANDHANI');
INSERT INTO `users` (`id`, `username`, `password_hash`, `role`, `name`) VALUES ('40', '2275', '$2y$10$yV9985WegalyqroJrDb86OsU17GFtZBxQCzZTPcYZGHTTOSBMbo4S', 'siswa', 'SINDI CITRA APRILIA');
INSERT INTO `users` (`id`, `username`, `password_hash`, `role`, `name`) VALUES ('41', '2276', '$2y$10$df1welSp50IWUOOlPwP0r.oy0sLQPDJXOBzlQEEqTq0iKv2Uq4jDe', 'siswa', 'SITI MUNAWAROH');
INSERT INTO `users` (`id`, `username`, `password_hash`, `role`, `name`) VALUES ('42', '2277', '$2y$10$/S70iKrZBxbLFmlvYIO/peknS4Lbonis0P6M7O4A.ZjloTcbhOEx6', 'siswa', 'TALITA CAHYA NINGRUM');
INSERT INTO `users` (`id`, `username`, `password_hash`, `role`, `name`) VALUES ('43', '2278', '$2y$10$HP09Vdn/g1V6tuqM1g0gLONszPLMMc81IoGLOB7Fmxd7.Jd1sdRmy', 'siswa', 'TUBAGUS BUDI SATYA DARMA');
INSERT INTO `users` (`id`, `username`, `password_hash`, `role`, `name`) VALUES ('44', '2279', '$2y$10$McY/zHu5qLpiXZxka.WIye2Jvj9jPvaChGvQ4x9Wc2JeevVbo5pXC', 'siswa', 'YUSMAN MAWARDI');
INSERT INTO `users` (`id`, `username`, `password_hash`, `role`, `name`) VALUES ('45', '2208', '$2y$10$4muglRDp4ooWeI9VZQ0lr.wQCVnnUD1hMXviyyJys.5pKc9vbLlSS', 'siswa', 'AFIK RAHARDIAN');
INSERT INTO `users` (`id`, `username`, `password_hash`, `role`, `name`) VALUES ('46', '2209', '$2y$10$jUOuXQ9S.cyBOVIULClk8e.6flb00Xw5C5.0FflygBPhKElCupMaO', 'siswa', 'AHMAD DAFIN NUGROHO');
INSERT INTO `users` (`id`, `username`, `password_hash`, `role`, `name`) VALUES ('47', '2210', '$2y$10$..cIC/1J0rAteIh.jq4c0uJuCw4kG/1oMXExJ8IiAWAgpNOY9lkqu', 'siswa', 'ANGGUN SAPUTRA');
INSERT INTO `users` (`id`, `username`, `password_hash`, `role`, `name`) VALUES ('48', '2211', '$2y$10$HoVaa51HNqr4AsR7oZ7uSuB0SqqsgvsCxz9fCjkdcCvKp3MfgQbVm', 'siswa', 'ANJAR BASTIANTO');
INSERT INTO `users` (`id`, `username`, `password_hash`, `role`, `name`) VALUES ('49', '2212', '$2y$10$g37wXgmy/GKIBALN6GmcU.xJIwe2ll6gfjSFueWq3pU0KPQyni9Sm', 'siswa', 'ARTA NABILLA');
INSERT INTO `users` (`id`, `username`, `password_hash`, `role`, `name`) VALUES ('50', '2213', '$2y$10$jdshigVKNKEbvrS.Y4S.suic0dwshCLbSqmM/9evTpy7xTS9Tn.GW', 'siswa', 'BAYU MONO OKTARA');
INSERT INTO `users` (`id`, `username`, `password_hash`, `role`, `name`) VALUES ('51', '2214', '$2y$10$00ce2tlvuredggQdBmh71etoBrnSfKLKQWmUT/oGdemgIPmapPUIe', 'siswa', 'DAFFA MUHAMMAD ARRAFI');
INSERT INTO `users` (`id`, `username`, `password_hash`, `role`, `name`) VALUES ('52', '2215', '$2y$10$Bh2J27fhFulQHeW64pf3q.kCfi2ymCRsSPFzN93m.5GFuSMfnKK2y', 'siswa', 'DESTA ANDARA');
INSERT INTO `users` (`id`, `username`, `password_hash`, `role`, `name`) VALUES ('53', '2216', '$2y$10$GDTPbUaKb4ZPi0lHtJGx1e.VSnAzDCrYqol7hi4pfnNDKWG4ttasi', 'siswa', 'DINTA AYU RADHIA PRAMESTI');
INSERT INTO `users` (`id`, `username`, `password_hash`, `role`, `name`) VALUES ('54', '2217', '$2y$10$1GNOjbD0ICwLuDst8ByoRuFcrqrZZLd1x89e5NtmV.1qnJbPGZ7Ri', 'siswa', 'DUWI ASTUTIK');
INSERT INTO `users` (`id`, `username`, `password_hash`, `role`, `name`) VALUES ('55', '2218', '$2y$10$gpMWvBVoNqrmldT5a8d3kuqkuZyTrMkT3CYZV5.VZZuY3fo4mhsmi', 'siswa', 'FARHAN ADI NUROHMAN');
INSERT INTO `users` (`id`, `username`, `password_hash`, `role`, `name`) VALUES ('56', '2219', '$2y$10$GEkotAA43VUlE0xUVX.0IOIWAQPI1uZtxyRREZibU9wEyoAnz8fpa', 'siswa', 'FEBRIANA WAHYU ASTUTI');
INSERT INTO `users` (`id`, `username`, `password_hash`, `role`, `name`) VALUES ('57', '2220', '$2y$10$r4RgKrnLd2iwxo5x6fsr7.0sYZY/MJCXiEAtF2kqQVCEgZvIg4KIm', 'siswa', 'FIO KHABIB FAHRIZAL');
INSERT INTO `users` (`id`, `username`, `password_hash`, `role`, `name`) VALUES ('58', '2221', '$2y$10$6SyfH2GlAeMHMr1sENWOrelyc1MnUA776GJGEnJB1UU/2NIiAqpTC', 'siswa', 'GALANG ANGGER SETIAWAN');
INSERT INTO `users` (`id`, `username`, `password_hash`, `role`, `name`) VALUES ('59', '2222', '$2y$10$y.QZeCkV0mJAZD1cWz2sI.2Q1rOfagEszas/Dy.6km4Jt20kq4Sti', 'siswa', 'GINARIS RAHITA PUTRI APRILIA');
INSERT INTO `users` (`id`, `username`, `password_hash`, `role`, `name`) VALUES ('60', '2223', '$2y$10$o.bIiIpAmMBTkvjSmxv7u.oTEhomqF9B1KU1CBebx9l/XnhxbKcK2', 'siswa', 'HAYU NUR RAHMAWATI');
INSERT INTO `users` (`id`, `username`, `password_hash`, `role`, `name`) VALUES ('61', '2224', '$2y$10$H9mEy0BLNPuGbLD66FepM.UNo7ihILuIc7NduaAnwl2s2GcCzRnuO', 'siswa', 'INDAH KURNIA ULFA');
INSERT INTO `users` (`id`, `username`, `password_hash`, `role`, `name`) VALUES ('62', '2225', '$2y$10$Ve0ncf2VBkj4/9gSbwyGCunZLo89ogFfcoVvyfl8U38PZGwXJHuXe', 'siswa', 'KAYLLA DESTA KHOIRRUNIZA');
INSERT INTO `users` (`id`, `username`, `password_hash`, `role`, `name`) VALUES ('63', '2226', '$2y$10$oMCdGCz3opBiVt4zyZQ3GOnqfcFKFYefob8WRZbKhXrRTLf6Bb1V6', 'siswa', 'LAELATUL NASYIFA');
INSERT INTO `users` (`id`, `username`, `password_hash`, `role`, `name`) VALUES ('64', '2227', '$2y$10$q1pBo2x3zoaN39DMBzAAdON4NNYQWwnl6jXNC5HqnbpGfH6Gxr2yi', 'siswa', 'LILA AGUSTINA');
INSERT INTO `users` (`id`, `username`, `password_hash`, `role`, `name`) VALUES ('65', '2228', '$2y$10$Xhux5R7rBU89CjskF7b5suJRscdMfE83N09EM5gMkLYk/it9vSr.a', 'siswa', 'LINTANG AJI CAHYA');
INSERT INTO `users` (`id`, `username`, `password_hash`, `role`, `name`) VALUES ('66', '2229', '$2y$10$AANCUGzW.tOXMcfiM37E6esF.Ja81DLcgO1f3ywd7OJtIN5QtmZvW', 'siswa', 'LULUK KHUMAERAH');
INSERT INTO `users` (`id`, `username`, `password_hash`, `role`, `name`) VALUES ('67', '2230', '$2y$10$FOpLGR1edWC1Bjcehx6icuuG5qNR1XX/UBg5oW8S2DKQnTyA2/hdW', 'siswa', 'MAYSAHARANNISA');
INSERT INTO `users` (`id`, `username`, `password_hash`, `role`, `name`) VALUES ('68', '2231', '$2y$10$8NHAf/Xyeu6MOXqKUGLuvekYaFTrVId7Gu4.LrJJAi/YOOD/Pf0c.', 'siswa', 'MUHAMMAD AL FATIH NAWAHA');
INSERT INTO `users` (`id`, `username`, `password_hash`, `role`, `name`) VALUES ('69', '2232', '$2y$10$d28D9FG6LXPcgMIv0SiN1umoNayRSxdCZaiFU5H5vdQNM5gHHQCAm', 'siswa', 'MUKHAMAD MAHSUNNIZAM');
INSERT INTO `users` (`id`, `username`, `password_hash`, `role`, `name`) VALUES ('70', '2233', '$2y$10$Q0IKaJFtpeCt1OSu7rBrKOJuKY0pnQ8/yeTnhaxKipV5Oi5JPRrCu', 'siswa', 'OKTA SELVIANA');
INSERT INTO `users` (`id`, `username`, `password_hash`, `role`, `name`) VALUES ('71', '2234', '$2y$10$7Bu3tRAfddpRESBjhhyko.ltsD0mrmMeqJmlD1NcPuP36EaFIqvVu', 'siswa', 'REFAL AKHYA FIRDAUS');
INSERT INTO `users` (`id`, `username`, `password_hash`, `role`, `name`) VALUES ('72', '2235', '$2y$10$TRuK2f8GazzPLXbBEJyglOx9S.eAqvl/.U60.SWIg18.qykNlhw4u', 'siswa', 'RIDHOTU FAIZAL');
INSERT INTO `users` (`id`, `username`, `password_hash`, `role`, `name`) VALUES ('73', '2236', '$2y$10$PjYq/p79mjfN0i8HD61HJuTU4FGebdT.qG3V93O6tA3Y/oX5.bAoO', 'siswa', 'RIDWAN NUR ARDIANSYAH');
INSERT INTO `users` (`id`, `username`, `password_hash`, `role`, `name`) VALUES ('74', '2237', '$2y$10$4Fax5oT5dZM.QJLY7S7sMOha0yBJNgij/ls5/5VkTaN0umSTdxnC6', 'siswa', 'SEFTIA RAMANDANI OFTAVIA');
INSERT INTO `users` (`id`, `username`, `password_hash`, `role`, `name`) VALUES ('75', '2238', '$2y$10$HGvDcYydyWF9sB/x1SZnw.7hYETl1CM/crLFqOoablLQYhT6Ce2Pu', 'siswa', 'SIMA FAREHAN APRILIA AHMAD');
INSERT INTO `users` (`id`, `username`, `password_hash`, `role`, `name`) VALUES ('76', '2239', '$2y$10$hAb8tZ1L8wfZlS62IyYI2uAPGpLdY/O470zsK5Jw41IcJv2HWOey6', 'siswa', 'SITI NUR KHOLIMAH MONICA ARTA');
INSERT INTO `users` (`id`, `username`, `password_hash`, `role`, `name`) VALUES ('77', '2240', '$2y$10$5qGJw2D39rooZ6QkO8IJ8uW1ZPpxpb2De1nPE.NF12y3xdzwJFbg.', 'siswa', 'WASIK MUNAFI\'AH');
INSERT INTO `users` (`id`, `username`, `password_hash`, `role`, `name`) VALUES ('78', '2241', '$2y$10$53yp60jmhzv/.geKxGt2HO/dC.OMY.XvU5ZWeHMSloGCIKv52qde2', 'siswa', 'WENDI ASTINA');
INSERT INTO `users` (`id`, `username`, `password_hash`, `role`, `name`) VALUES ('79', '2242', '$2y$10$I3cpmrlliC2pI8r9DFS6wu3luo6n2jZtyZXWx0yYdEedMl20FBsBu', 'siswa', 'ZAHROTUS SYITA');
INSERT INTO `users` (`id`, `username`, `password_hash`, `role`, `name`) VALUES ('80', '2243', '$2y$10$4UCdHktpM8SmM/FsYzUgUuMci0tjd6Vn4YSBojDYiGOzpYJV86UuG', 'siswa', 'ZAKI HASANUDIN');
INSERT INTO `users` (`id`, `username`, `password_hash`, `role`, `name`) VALUES ('81', 'herys', '$2y$10$YEMkKWYashoO1JdRmJninuEotNTc8RlO5f.q652INn251NQryfgc6', 'pembimbing', 'Heri Sugiyanta,S.T');

COMMIT;
