-- Backup Database Absensi PKL
-- Tanggal: 25/08/2025 11:25:57 WIB
-- Database: db_absensi_pkl
-- Host: localhost
-- Generated by: Administrator
-- ==========================================

SET SQL_MODE = "NO_AUTO_VALUE_ON_ZERO";
START TRANSACTION;
SET time_zone = "+00:00";

-- Struktur tabel `absensi`
DROP TABLE IF EXISTS `absensi`;
CREATE TABLE `absensi` (
  `id` int(11) NOT NULL AUTO_INCREMENT,
  `siswa_id` int(11) NOT NULL,
  `waktu` datetime NOT NULL,
  `lat` decimal(10,7) NOT NULL,
  `lng` decimal(10,7) NOT NULL,
  `jarak_m` decimal(10,2) NOT NULL,
  `selfie_path` varchar(255) DEFAULT NULL,
  `jenis_absen` enum('datang','pulang') NOT NULL DEFAULT 'datang',
  PRIMARY KEY (`id`),
  KEY `siswa_id` (`siswa_id`),
  CONSTRAINT `absensi_ibfk_1` FOREIGN KEY (`siswa_id`) REFERENCES `siswa` (`id`) ON DELETE CASCADE
) ENGINE=InnoDB AUTO_INCREMENT=5 DEFAULT CHARSET=utf8mb4 COLLATE=utf8mb4_unicode_ci;

-- Struktur tabel `app_settings`
DROP TABLE IF EXISTS `app_settings`;
CREATE TABLE `app_settings` (
  `id` int(11) NOT NULL AUTO_INCREMENT,
  `setting_key` varchar(100) NOT NULL,
  `setting_value` text DEFAULT NULL,
  `setting_type` varchar(20) DEFAULT 'text',
  `description` text DEFAULT NULL,
  `created_at` timestamp NOT NULL DEFAULT current_timestamp(),
  `updated_at` timestamp NOT NULL DEFAULT current_timestamp() ON UPDATE current_timestamp(),
  PRIMARY KEY (`id`),
  UNIQUE KEY `setting_key` (`setting_key`)
) ENGINE=InnoDB AUTO_INCREMENT=794 DEFAULT CHARSET=utf8mb4 COLLATE=utf8mb4_unicode_ci;

-- Data untuk tabel `app_settings`
INSERT INTO `app_settings` (`id`, `setting_key`, `setting_value`, `setting_type`, `description`, `created_at`, `updated_at`) VALUES ('2', 'school_address', 'Desa Pingit Pringsurat', 'text', 'Alamat Sekolah', '2025-08-20 21:20:52', '2025-08-24 23:49:18');
INSERT INTO `app_settings` (`id`, `setting_key`, `setting_value`, `setting_type`, `description`, `created_at`, `updated_at`) VALUES ('3', 'school_phone', '(0293) 650000', 'text', 'Nomor Telepon Sekolah', '2025-08-20 21:20:52', '2025-08-24 23:49:18');
INSERT INTO `app_settings` (`id`, `setting_key`, `setting_value`, `setting_type`, `description`, `created_at`, `updated_at`) VALUES ('4', 'school_email', 'admin@smknpringsurat.sch.id', 'email', 'Email Sekolah', '2025-08-20 21:20:52', '2025-08-24 23:49:18');
INSERT INTO `app_settings` (`id`, `setting_key`, `setting_value`, `setting_type`, `description`, `created_at`, `updated_at`) VALUES ('5', 'school_website', 'https://www.smknpringsurat.sch.id', 'url', 'Website Sekolah', '2025-08-20 21:20:52', '2025-08-24 23:49:18');
INSERT INTO `app_settings` (`id`, `setting_key`, `setting_value`, `setting_type`, `description`, `created_at`, `updated_at`) VALUES ('6', 'app_title', 'Absensi Online PKL', 'text', 'Judul Aplikasi', '2025-08-20 21:20:52', '2025-08-24 23:46:38');
INSERT INTO `app_settings` (`id`, `setting_key`, `setting_value`, `setting_type`, `description`, `created_at`, `updated_at`) VALUES ('7', 'gps_radius', '150', 'number', 'Radius GPS untuk Absensi (meter)', '2025-08-20 21:20:52', '2025-08-24 23:46:38');
INSERT INTO `app_settings` (`id`, `setting_key`, `setting_value`, `setting_type`, `description`, `created_at`, `updated_at`) VALUES ('8', 'max_upload_size', '5', 'number', 'Ukuran Maksimal Upload (MB)', '2025-08-20 21:20:52', '2025-08-24 23:46:38');
INSERT INTO `app_settings` (`id`, `setting_key`, `setting_value`, `setting_type`, `description`, `created_at`, `updated_at`) VALUES ('9', 'session_timeout', '3600', 'number', 'Timeout Session (detik)', '2025-08-20 21:20:52', '2025-08-24 23:46:38');
INSERT INTO `app_settings` (`id`, `setting_key`, `setting_value`, `setting_type`, `description`, `created_at`, `updated_at`) VALUES ('64', 'school_name', 'SMK Negeri Pringsurat', 'text', 'Nama Sekolah', '2025-08-21 22:22:27', '2025-08-24 23:49:18');
INSERT INTO `app_settings` (`id`, `setting_key`, `setting_value`, `setting_type`, `description`, `created_at`, `updated_at`) VALUES ('703', 'login_captcha_enabled', '0', 'boolean', 'Aktifkan CAPTCHA pada halaman login', '2025-08-25 16:19:26', '2025-08-25 16:23:36');

-- Struktur tabel `audit_log`
DROP TABLE IF EXISTS `audit_log`;
CREATE TABLE `audit_log` (
  `id` int(11) NOT NULL AUTO_INCREMENT,
  `user_id` int(11) DEFAULT NULL,
  `action` varchar(255) NOT NULL,
  `detail` text DEFAULT NULL,
  `created_at` timestamp NOT NULL DEFAULT current_timestamp(),
  PRIMARY KEY (`id`),
  KEY `user_id` (`user_id`),
  CONSTRAINT `audit_log_ibfk_1` FOREIGN KEY (`user_id`) REFERENCES `users` (`id`) ON DELETE SET NULL
) ENGINE=InnoDB AUTO_INCREMENT=222 DEFAULT CHARSET=utf8mb4 COLLATE=utf8mb4_unicode_ci;

-- Data untuk tabel `audit_log`
INSERT INTO `audit_log` (`id`, `user_id`, `action`, `detail`, `created_at`) VALUES ('2', NULL, 'login', '', '2025-08-17 05:47:43');
INSERT INTO `audit_log` (`id`, `user_id`, `action`, `detail`, `created_at`) VALUES ('3', NULL, 'login', '', '2025-08-17 05:48:09');
INSERT INTO `audit_log` (`id`, `user_id`, `action`, `detail`, `created_at`) VALUES ('4', NULL, 'login', '', '2025-08-17 05:48:13');
INSERT INTO `audit_log` (`id`, `user_id`, `action`, `detail`, `created_at`) VALUES ('5', NULL, 'login', '', '2025-08-17 05:48:20');
INSERT INTO `audit_log` (`id`, `user_id`, `action`, `detail`, `created_at`) VALUES ('6', NULL, 'login', '', '2025-08-17 05:49:22');
INSERT INTO `audit_log` (`id`, `user_id`, `action`, `detail`, `created_at`) VALUES ('7', NULL, 'login', '', '2025-08-17 05:53:15');
INSERT INTO `audit_log` (`id`, `user_id`, `action`, `detail`, `created_at`) VALUES ('8', NULL, 'login', '', '2025-08-17 05:54:00');
INSERT INTO `audit_log` (`id`, `user_id`, `action`, `detail`, `created_at`) VALUES ('9', NULL, 'logout', '', '2025-08-17 05:54:16');
INSERT INTO `audit_log` (`id`, `user_id`, `action`, `detail`, `created_at`) VALUES ('10', NULL, 'login', '', '2025-08-17 05:54:24');
INSERT INTO `audit_log` (`id`, `user_id`, `action`, `detail`, `created_at`) VALUES ('11', NULL, 'logout', '', '2025-08-17 05:55:56');
INSERT INTO `audit_log` (`id`, `user_id`, `action`, `detail`, `created_at`) VALUES ('12', NULL, 'login', '', '2025-08-17 05:56:07');
INSERT INTO `audit_log` (`id`, `user_id`, `action`, `detail`, `created_at`) VALUES ('13', '1', 'login', '', '2025-08-17 05:57:46');
INSERT INTO `audit_log` (`id`, `user_id`, `action`, `detail`, `created_at`) VALUES ('14', '1', 'login', '', '2025-08-17 05:58:05');
INSERT INTO `audit_log` (`id`, `user_id`, `action`, `detail`, `created_at`) VALUES ('15', '1', 'login', '', '2025-08-17 05:58:42');
INSERT INTO `audit_log` (`id`, `user_id`, `action`, `detail`, `created_at`) VALUES ('16', NULL, 'logout', '', '2025-08-17 06:00:48');
INSERT INTO `audit_log` (`id`, `user_id`, `action`, `detail`, `created_at`) VALUES ('17', NULL, 'login', '', '2025-08-17 06:01:01');
INSERT INTO `audit_log` (`id`, `user_id`, `action`, `detail`, `created_at`) VALUES ('18', '1', 'login', '', '2025-08-17 06:07:58');
INSERT INTO `audit_log` (`id`, `user_id`, `action`, `detail`, `created_at`) VALUES ('19', '1', 'logout', '', '2025-08-17 06:08:21');
INSERT INTO `audit_log` (`id`, `user_id`, `action`, `detail`, `created_at`) VALUES ('20', '1', 'login', '', '2025-08-17 06:08:29');
INSERT INTO `audit_log` (`id`, `user_id`, `action`, `detail`, `created_at`) VALUES ('21', '1', 'create_tempat', 'Kafi Komputer', '2025-08-17 06:11:00');
INSERT INTO `audit_log` (`id`, `user_id`, `action`, `detail`, `created_at`) VALUES ('22', '1', 'login', '', '2025-08-17 06:11:12');
INSERT INTO `audit_log` (`id`, `user_id`, `action`, `detail`, `created_at`) VALUES ('23', '1', 'create_siswa', 'aku', '2025-08-17 06:11:31');
INSERT INTO `audit_log` (`id`, `user_id`, `action`, `detail`, `created_at`) VALUES ('24', '1', 'login', '', '2025-08-17 06:12:56');
INSERT INTO `audit_log` (`id`, `user_id`, `action`, `detail`, `created_at`) VALUES ('25', NULL, 'login', '', '2025-08-17 06:29:58');
INSERT INTO `audit_log` (`id`, `user_id`, `action`, `detail`, `created_at`) VALUES ('26', '1', 'login', '', '2025-08-17 06:30:14');
INSERT INTO `audit_log` (`id`, `user_id`, `action`, `detail`, `created_at`) VALUES ('27', NULL, 'login', '', '2025-08-17 06:44:57');
INSERT INTO `audit_log` (`id`, `user_id`, `action`, `detail`, `created_at`) VALUES ('28', '1', 'export_csv', '', '2025-08-17 06:48:03');
INSERT INTO `audit_log` (`id`, `user_id`, `action`, `detail`, `created_at`) VALUES ('29', NULL, 'login', '', '2025-08-17 06:54:15');
INSERT INTO `audit_log` (`id`, `user_id`, `action`, `detail`, `created_at`) VALUES ('30', NULL, 'login', '', '2025-08-17 06:54:56');
INSERT INTO `audit_log` (`id`, `user_id`, `action`, `detail`, `created_at`) VALUES ('31', NULL, 'login', '', '2025-08-17 06:56:20');
INSERT INTO `audit_log` (`id`, `user_id`, `action`, `detail`, `created_at`) VALUES ('32', NULL, 'login', '', '2025-08-17 06:56:47');
INSERT INTO `audit_log` (`id`, `user_id`, `action`, `detail`, `created_at`) VALUES ('33', NULL, 'login', '', '2025-08-17 06:56:50');
INSERT INTO `audit_log` (`id`, `user_id`, `action`, `detail`, `created_at`) VALUES ('34', NULL, 'logout', '', '2025-08-17 06:59:05');
INSERT INTO `audit_log` (`id`, `user_id`, `action`, `detail`, `created_at`) VALUES ('35', NULL, 'logout', '', '2025-08-17 06:59:12');
INSERT INTO `audit_log` (`id`, `user_id`, `action`, `detail`, `created_at`) VALUES ('36', NULL, 'login', '', '2025-08-17 06:59:29');
INSERT INTO `audit_log` (`id`, `user_id`, `action`, `detail`, `created_at`) VALUES ('37', NULL, 'login', '', '2025-08-17 06:59:53');
INSERT INTO `audit_log` (`id`, `user_id`, `action`, `detail`, `created_at`) VALUES ('38', NULL, 'logout', '', '2025-08-17 07:01:03');
INSERT INTO `audit_log` (`id`, `user_id`, `action`, `detail`, `created_at`) VALUES ('39', NULL, 'login', '', '2025-08-17 07:01:15');
INSERT INTO `audit_log` (`id`, `user_id`, `action`, `detail`, `created_at`) VALUES ('40', NULL, 'logout', '', '2025-08-17 07:03:30');
INSERT INTO `audit_log` (`id`, `user_id`, `action`, `detail`, `created_at`) VALUES ('41', NULL, 'login', '', '2025-08-17 07:03:38');
INSERT INTO `audit_log` (`id`, `user_id`, `action`, `detail`, `created_at`) VALUES ('42', NULL, 'login', '', '2025-08-17 07:04:00');
INSERT INTO `audit_log` (`id`, `user_id`, `action`, `detail`, `created_at`) VALUES ('43', '1', 'tambah_siswa', 'NIS: 4123123123, Nama: Ahmad', '2025-08-17 07:13:56');
INSERT INTO `audit_log` (`id`, `user_id`, `action`, `detail`, `created_at`) VALUES ('44', '1', 'tambah_siswa', 'NIS: 123456789, Nama: Budi', '2025-08-17 07:14:25');
INSERT INTO `audit_log` (`id`, `user_id`, `action`, `detail`, `created_at`) VALUES ('45', NULL, 'logout', '', '2025-08-17 07:14:34');
INSERT INTO `audit_log` (`id`, `user_id`, `action`, `detail`, `created_at`) VALUES ('46', NULL, 'login', '', '2025-08-17 07:14:48');
INSERT INTO `audit_log` (`id`, `user_id`, `action`, `detail`, `created_at`) VALUES ('47', NULL, 'login', '', '2025-08-17 07:15:48');
INSERT INTO `audit_log` (`id`, `user_id`, `action`, `detail`, `created_at`) VALUES ('48', '1', 'login', '', '2025-08-17 07:19:26');
INSERT INTO `audit_log` (`id`, `user_id`, `action`, `detail`, `created_at`) VALUES ('49', NULL, 'login', '', '2025-08-17 07:21:31');
INSERT INTO `audit_log` (`id`, `user_id`, `action`, `detail`, `created_at`) VALUES ('50', '1', 'tambah_tempat_pkl', 'Nama: Muffaindo, Lat: -7.4011, Lng: 110.2312, Radius: 50', '2025-08-17 07:34:23');
INSERT INTO `audit_log` (`id`, `user_id`, `action`, `detail`, `created_at`) VALUES ('51', '1', 'tambah_siswa', 'NIS: 11223344, Nama: Muffi', '2025-08-17 07:35:12');
INSERT INTO `audit_log` (`id`, `user_id`, `action`, `detail`, `created_at`) VALUES ('52', NULL, 'logout', '', '2025-08-17 07:35:20');
INSERT INTO `audit_log` (`id`, `user_id`, `action`, `detail`, `created_at`) VALUES ('53', NULL, 'login', '', '2025-08-17 07:35:33');
INSERT INTO `audit_log` (`id`, `user_id`, `action`, `detail`, `created_at`) VALUES ('54', NULL, 'logout', '', '2025-08-17 07:38:43');
INSERT INTO `audit_log` (`id`, `user_id`, `action`, `detail`, `created_at`) VALUES ('55', NULL, 'login', '', '2025-08-17 07:38:56');
INSERT INTO `audit_log` (`id`, `user_id`, `action`, `detail`, `created_at`) VALUES ('56', '1', 'login', '', '2025-08-17 07:39:22');
INSERT INTO `audit_log` (`id`, `user_id`, `action`, `detail`, `created_at`) VALUES ('57', '1', 'login', '', '2025-08-17 07:40:28');
INSERT INTO `audit_log` (`id`, `user_id`, `action`, `detail`, `created_at`) VALUES ('58', '1', 'edit_tempat_pkl', 'ID: 2, Nama: Kafi Komputer, Lat: -7.3782021, Lng: 110.2666, Radius: 150', '2025-08-17 07:42:37');
INSERT INTO `audit_log` (`id`, `user_id`, `action`, `detail`, `created_at`) VALUES ('59', NULL, 'logout', '', '2025-08-17 07:43:38');
INSERT INTO `audit_log` (`id`, `user_id`, `action`, `detail`, `created_at`) VALUES ('60', NULL, 'login', '', '2025-08-17 07:43:54');
INSERT INTO `audit_log` (`id`, `user_id`, `action`, `detail`, `created_at`) VALUES ('61', NULL, 'absen', 'Siswa: Budi, Jarak: 11.63m, Lokasi: -7.3782945, 110.2666495', '2025-08-17 07:44:11');
INSERT INTO `audit_log` (`id`, `user_id`, `action`, `detail`, `created_at`) VALUES ('62', '1', 'edit_pembimbing', 'ID: 2, Nama: Dra. Siti Nurhaliza, M.Pd, NIP: 198502022010022002', '2025-08-17 07:55:58');
INSERT INTO `audit_log` (`id`, `user_id`, `action`, `detail`, `created_at`) VALUES ('63', '1', 'tambah_pembimbing', 'Nama: Budi Purwanto, NIP: 12345678945555555555', '2025-08-17 07:56:20');
INSERT INTO `audit_log` (`id`, `user_id`, `action`, `detail`, `created_at`) VALUES ('64', '1', 'edit_pembimbing', 'ID: 4, Nama: Budi Purwanto, NIP: 123456789455555555, Username: pemb2, Password: diubah', '2025-08-17 08:09:46');
INSERT INTO `audit_log` (`id`, `user_id`, `action`, `detail`, `created_at`) VALUES ('65', '1', 'edit_pembimbing', 'ID: 4, Nama: Budi Purwanto, NIP: 123456789455555555, Username: pemb2, Password: diubah', '2025-08-17 08:10:01');
INSERT INTO `audit_log` (`id`, `user_id`, `action`, `detail`, `created_at`) VALUES ('66', NULL, 'logout', '', '2025-08-17 08:10:09');
INSERT INTO `audit_log` (`id`, `user_id`, `action`, `detail`, `created_at`) VALUES ('67', NULL, 'login', '', '2025-08-17 08:11:16');
INSERT INTO `audit_log` (`id`, `user_id`, `action`, `detail`, `created_at`) VALUES ('68', '1', 'edit_siswa', 'ID: 3, Nama: Ahmad', '2025-08-17 08:11:59');
INSERT INTO `audit_log` (`id`, `user_id`, `action`, `detail`, `created_at`) VALUES ('69', NULL, 'login', '', '2025-08-17 08:14:46');
INSERT INTO `audit_log` (`id`, `user_id`, `action`, `detail`, `created_at`) VALUES ('70', NULL, 'logout', '', '2025-08-17 08:17:51');
INSERT INTO `audit_log` (`id`, `user_id`, `action`, `detail`, `created_at`) VALUES ('71', NULL, 'login', '', '2025-08-17 08:18:20');
INSERT INTO `audit_log` (`id`, `user_id`, `action`, `detail`, `created_at`) VALUES ('72', NULL, 'logout', '', '2025-08-17 08:23:20');
INSERT INTO `audit_log` (`id`, `user_id`, `action`, `detail`, `created_at`) VALUES ('73', NULL, 'login', '', '2025-08-17 08:23:37');
INSERT INTO `audit_log` (`id`, `user_id`, `action`, `detail`, `created_at`) VALUES ('74', NULL, 'logout', '', '2025-08-17 08:24:34');
INSERT INTO `audit_log` (`id`, `user_id`, `action`, `detail`, `created_at`) VALUES ('75', NULL, 'login', '', '2025-08-17 08:24:46');
INSERT INTO `audit_log` (`id`, `user_id`, `action`, `detail`, `created_at`) VALUES ('76', NULL, 'login', '', '2025-08-17 08:32:03');
INSERT INTO `audit_log` (`id`, `user_id`, `action`, `detail`, `created_at`) VALUES ('77', NULL, 'absen', 'Absen pulang - Lat: -7.378216, Lng: 110.266605, Jarak: 1.64m', '2025-08-17 08:33:11');
INSERT INTO `audit_log` (`id`, `user_id`, `action`, `detail`, `created_at`) VALUES ('78', NULL, 'login', '', '2025-08-17 08:33:27');
INSERT INTO `audit_log` (`id`, `user_id`, `action`, `detail`, `created_at`) VALUES ('79', '1', 'login', '', '2025-08-17 08:40:34');
INSERT INTO `audit_log` (`id`, `user_id`, `action`, `detail`, `created_at`) VALUES ('80', '1', 'login', '', '2025-08-17 08:43:29');
INSERT INTO `audit_log` (`id`, `user_id`, `action`, `detail`, `created_at`) VALUES ('81', '1', 'login', '', '2025-08-17 08:44:00');
INSERT INTO `audit_log` (`id`, `user_id`, `action`, `detail`, `created_at`) VALUES ('82', '1', 'logout', '', '2025-08-17 08:45:50');
INSERT INTO `audit_log` (`id`, `user_id`, `action`, `detail`, `created_at`) VALUES ('83', '1', 'login', '', '2025-08-17 08:47:47');
INSERT INTO `audit_log` (`id`, `user_id`, `action`, `detail`, `created_at`) VALUES ('84', '1', 'logout', '', '2025-08-17 08:47:59');
INSERT INTO `audit_log` (`id`, `user_id`, `action`, `detail`, `created_at`) VALUES ('85', '1', 'login', '', '2025-08-17 08:50:24');
INSERT INTO `audit_log` (`id`, `user_id`, `action`, `detail`, `created_at`) VALUES ('86', '1', 'logout', '', '2025-08-17 08:57:13');
INSERT INTO `audit_log` (`id`, `user_id`, `action`, `detail`, `created_at`) VALUES ('87', '1', 'login', '', '2025-08-17 08:57:24');
INSERT INTO `audit_log` (`id`, `user_id`, `action`, `detail`, `created_at`) VALUES ('88', NULL, 'logout', '', '2025-08-17 08:58:27');
INSERT INTO `audit_log` (`id`, `user_id`, `action`, `detail`, `created_at`) VALUES ('89', NULL, 'logout', '', '2025-08-17 09:02:22');
INSERT INTO `audit_log` (`id`, `user_id`, `action`, `detail`, `created_at`) VALUES ('90', '1', 'login', '', '2025-08-17 09:03:13');
INSERT INTO `audit_log` (`id`, `user_id`, `action`, `detail`, `created_at`) VALUES ('91', '1', 'login', '', '2025-08-17 09:15:49');
INSERT INTO `audit_log` (`id`, `user_id`, `action`, `detail`, `created_at`) VALUES ('92', '1', 'logout', '', '2025-08-17 09:16:08');
INSERT INTO `audit_log` (`id`, `user_id`, `action`, `detail`, `created_at`) VALUES ('93', NULL, 'login', '', '2025-08-17 09:16:18');
INSERT INTO `audit_log` (`id`, `user_id`, `action`, `detail`, `created_at`) VALUES ('94', NULL, 'logout', '', '2025-08-17 09:16:34');
INSERT INTO `audit_log` (`id`, `user_id`, `action`, `detail`, `created_at`) VALUES ('95', NULL, 'login', '', '2025-08-17 09:16:39');
INSERT INTO `audit_log` (`id`, `user_id`, `action`, `detail`, `created_at`) VALUES ('96', '1', 'hapus_siswa', 'ID: 4, Nama: Budi', '2025-08-20 21:21:11');
INSERT INTO `audit_log` (`id`, `user_id`, `action`, `detail`, `created_at`) VALUES ('97', '1', 'hapus_siswa', 'ID: 3, Nama: Ahmad', '2025-08-20 21:21:14');
INSERT INTO `audit_log` (`id`, `user_id`, `action`, `detail`, `created_at`) VALUES ('98', '1', 'hapus_siswa', 'ID: 2, Nama: aku', '2025-08-20 21:21:16');
INSERT INTO `audit_log` (`id`, `user_id`, `action`, `detail`, `created_at`) VALUES ('99', '1', 'hapus_siswa', 'ID: 5, Nama: Muffi', '2025-08-20 21:21:18');
INSERT INTO `audit_log` (`id`, `user_id`, `action`, `detail`, `created_at`) VALUES ('100', '1', 'hapus_siswa', 'ID: 1, Nama: Siswa Satu', '2025-08-20 21:21:20');
INSERT INTO `audit_log` (`id`, `user_id`, `action`, `detail`, `created_at`) VALUES ('101', '1', 'hapus_pembimbing', 'ID: 4, Nama: Budi Purwanto', '2025-08-20 21:21:25');
INSERT INTO `audit_log` (`id`, `user_id`, `action`, `detail`, `created_at`) VALUES ('102', '1', 'hapus_pembimbing', 'ID: 2, Nama: Dra. Siti Nurhaliza, M.Pd', '2025-08-20 21:21:27');
INSERT INTO `audit_log` (`id`, `user_id`, `action`, `detail`, `created_at`) VALUES ('103', '1', 'hapus_pembimbing', 'ID: 3, Nama: Ir. Bambang Setiawan, M.T', '2025-08-20 21:21:29');
INSERT INTO `audit_log` (`id`, `user_id`, `action`, `detail`, `created_at`) VALUES ('104', '1', 'import_siswa', 'Total: 71, Success: 71, Errors: 0', '2025-08-20 21:21:44');
INSERT INTO `audit_log` (`id`, `user_id`, `action`, `detail`, `created_at`) VALUES ('105', '1', 'hapus_tempat_pkl', 'ID: 3, Nama: Muffaindo', '2025-08-20 21:22:31');
INSERT INTO `audit_log` (`id`, `user_id`, `action`, `detail`, `created_at`) VALUES ('106', '1', 'hapus_tempat_pkl', 'ID: 2, Nama: Kafi Komputer', '2025-08-20 21:22:35');
INSERT INTO `audit_log` (`id`, `user_id`, `action`, `detail`, `created_at`) VALUES ('107', '1', 'hapus_siswa', 'ID: 6, Nama: AFIK RAHARDIAN', '2025-08-20 21:22:55');
INSERT INTO `audit_log` (`id`, `user_id`, `action`, `detail`, `created_at`) VALUES ('108', '1', 'edit_siswa', 'ID: 42, Nama: AGUSTINA WAHYU KINANTI', '2025-08-20 21:24:28');
INSERT INTO `audit_log` (`id`, `user_id`, `action`, `detail`, `created_at`) VALUES ('109', '1', 'edit_siswa', 'ID: 7, Nama: AHMAD DAFIN NUGROHO', '2025-08-20 21:24:50');
INSERT INTO `audit_log` (`id`, `user_id`, `action`, `detail`, `created_at`) VALUES ('110', '1', 'edit_siswa', 'ID: 7, Nama: AHMAD DAFIN NUGROHO', '2025-08-20 21:25:02');
INSERT INTO `audit_log` (`id`, `user_id`, `action`, `detail`, `created_at`) VALUES ('111', '1', 'edit_siswa', 'ID: 43, Nama: AHMAD HILMI FUADI', '2025-08-20 21:25:31');
INSERT INTO `audit_log` (`id`, `user_id`, `action`, `detail`, `created_at`) VALUES ('112', '1', 'edit_siswa', 'ID: 8, Nama: ANGGUN SAPUTRA', '2025-08-20 21:26:23');
INSERT INTO `audit_log` (`id`, `user_id`, `action`, `detail`, `created_at`) VALUES ('113', '1', 'edit_siswa', 'ID: 9, Nama: ANJAR BASTIANTO', '2025-08-20 21:26:50');
INSERT INTO `audit_log` (`id`, `user_id`, `action`, `detail`, `created_at`) VALUES ('114', '1', 'edit_siswa', 'ID: 10, Nama: ARTA NABILLA', '2025-08-20 21:27:20');
INSERT INTO `audit_log` (`id`, `user_id`, `action`, `detail`, `created_at`) VALUES ('115', '1', 'edit_siswa', 'ID: 11, Nama: BAYU MONO OKTARA', '2025-08-20 21:28:00');
INSERT INTO `audit_log` (`id`, `user_id`, `action`, `detail`, `created_at`) VALUES ('116', '1', 'edit_siswa', 'ID: 13, Nama: DESTA ANDARA', '2025-08-20 21:28:29');
INSERT INTO `audit_log` (`id`, `user_id`, `action`, `detail`, `created_at`) VALUES ('117', '1', 'edit_siswa', 'ID: 50, Nama: DESTI RYA AMANDA', '2025-08-20 21:29:41');
INSERT INTO `audit_log` (`id`, `user_id`, `action`, `detail`, `created_at`) VALUES ('118', '1', 'edit_siswa', 'ID: 14, Nama: DINTA AYU RADHIA PRAMESTI', '2025-08-20 21:30:29');
INSERT INTO `audit_log` (`id`, `user_id`, `action`, `detail`, `created_at`) VALUES ('119', '1', 'edit_siswa', 'ID: 17, Nama: FEBRIANA WAHYU ASTUTI', '2025-08-20 21:31:17');
INSERT INTO `audit_log` (`id`, `user_id`, `action`, `detail`, `created_at`) VALUES ('120', '1', 'edit_siswa', 'ID: 52, Nama: FHADILAH RAHMA ALIFA', '2025-08-20 21:31:49');
INSERT INTO `audit_log` (`id`, `user_id`, `action`, `detail`, `created_at`) VALUES ('121', '1', 'edit_siswa', 'ID: 21, Nama: HAYU NUR RAHMAWATI', '2025-08-20 21:32:16');
INSERT INTO `audit_log` (`id`, `user_id`, `action`, `detail`, `created_at`) VALUES ('122', '1', 'edit_siswa', 'ID: 21, Nama: HAYU NUR RAHMAWATI', '2025-08-20 21:32:56');
INSERT INTO `audit_log` (`id`, `user_id`, `action`, `detail`, `created_at`) VALUES ('123', '1', 'edit_siswa', 'ID: 19, Nama: GALANG ANGGER SETIAWAN', '2025-08-20 21:33:57');
INSERT INTO `audit_log` (`id`, `user_id`, `action`, `detail`, `created_at`) VALUES ('124', '1', 'edit_siswa', 'ID: 33, Nama: RIDHOTU FAIZAL', '2025-08-20 21:35:24');
INSERT INTO `audit_log` (`id`, `user_id`, `action`, `detail`, `created_at`) VALUES ('125', '1', 'edit_siswa', 'ID: 22, Nama: INDAH KURNIA ULFA', '2025-08-20 21:59:06');
INSERT INTO `audit_log` (`id`, `user_id`, `action`, `detail`, `created_at`) VALUES ('126', '1', 'edit_siswa', 'ID: 25, Nama: LILA AGUSTINA', '2025-08-20 21:59:26');
INSERT INTO `audit_log` (`id`, `user_id`, `action`, `detail`, `created_at`) VALUES ('127', '1', 'edit_siswa', 'ID: 39, Nama: WENDI ASTINA', '2025-08-20 21:59:52');
INSERT INTO `audit_log` (`id`, `user_id`, `action`, `detail`, `created_at`) VALUES ('128', '1', 'edit_siswa', 'ID: 61, Nama: MUHAMAD GALANG FEBRIYANTO', '2025-08-20 22:00:32');
INSERT INTO `audit_log` (`id`, `user_id`, `action`, `detail`, `created_at`) VALUES ('129', '1', 'edit_siswa', 'ID: 29, Nama: MUHAMMAD AL FATIH NAWAHA', '2025-08-20 22:01:14');
INSERT INTO `audit_log` (`id`, `user_id`, `action`, `detail`, `created_at`) VALUES ('130', '1', 'edit_siswa', 'ID: 35, Nama: SEFTIA RAMANDANI OFTAVIA', '2025-08-20 22:01:59');
INSERT INTO `audit_log` (`id`, `user_id`, `action`, `detail`, `created_at`) VALUES ('131', '1', 'edit_siswa', 'ID: 38, Nama: WASIK MUNAFI\'AH', '2025-08-20 22:02:19');
INSERT INTO `audit_log` (`id`, `user_id`, `action`, `detail`, `created_at`) VALUES ('132', '1', 'edit_siswa', 'ID: 22, Nama: INDAH KURNIA ULFA', '2025-08-20 22:03:35');
INSERT INTO `audit_log` (`id`, `user_id`, `action`, `detail`, `created_at`) VALUES ('133', '1', 'edit_siswa', 'ID: 32, Nama: REFAL AKHYA FIRDAUS', '2025-08-20 22:04:48');
INSERT INTO `audit_log` (`id`, `user_id`, `action`, `detail`, `created_at`) VALUES ('134', '1', 'hapus_pembimbing', 'ID: 10, Nama: DEDEH DWI WIJAYANTI, S.Pd I', '2025-08-20 22:04:54');
INSERT INTO `audit_log` (`id`, `user_id`, `action`, `detail`, `created_at`) VALUES ('135', '1', 'hapus_tempat_pkl', 'ID: 1, Nama: PT Contoh Teknologi', '2025-08-20 22:05:04');
INSERT INTO `audit_log` (`id`, `user_id`, `action`, `detail`, `created_at`) VALUES ('136', '1', 'edit_tempat_pkl', 'ID: 17, Nama: Ambarawa Network Solution, Lat: -7.27825, Lng: 110.4025, Radius: 50', '2025-08-20 22:06:43');
INSERT INTO `audit_log` (`id`, `user_id`, `action`, `detail`, `created_at`) VALUES ('137', '1', 'edit_tempat_pkl', 'ID: 23, Nama: CV. Tanggap Waskita, Lat: -7.76187, Lng: 110.47074, Radius: 50', '2025-08-20 22:07:28');
INSERT INTO `audit_log` (`id`, `user_id`, `action`, `detail`, `created_at`) VALUES ('138', '1', 'edit_tempat_pkl', 'ID: 26, Nama: DISKOMINSTA Kota Magelang, Lat: -7.50349, Lng: 110.22151, Radius: 100', '2025-08-20 22:08:19');
INSERT INTO `audit_log` (`id`, `user_id`, `action`, `detail`, `created_at`) VALUES ('139', '1', 'edit_tempat_pkl', 'ID: 13, Nama: Grand Artos Hotel & Convention, Lat: -7.50403, Lng: 110.2243, Radius: 150', '2025-08-20 22:09:02');
INSERT INTO `audit_log` (`id`, `user_id`, `action`, `detail`, `created_at`) VALUES ('140', '1', 'edit_tempat_pkl', 'ID: 4, Nama: Kantor Relasi Manejemen Magelang, Lat: -7.51394, Lng: 110.19562, Radius: 50', '2025-08-20 22:09:55');
INSERT INTO `audit_log` (`id`, `user_id`, `action`, `detail`, `created_at`) VALUES ('141', '1', 'edit_tempat_pkl', 'ID: 20, Nama: Kecamatan Pringsurat, Lat: -7.3574, Lng: 110.28803, Radius: 50', '2025-08-20 22:12:04');
INSERT INTO `audit_log` (`id`, `user_id`, `action`, `detail`, `created_at`) VALUES ('142', '1', 'edit_tempat_pkl', 'ID: 21, Nama: Kelurahan Pingit, Lat: -7.3267, Lng: 110.32037, Radius: 50', '2025-08-20 22:13:30');
INSERT INTO `audit_log` (`id`, `user_id`, `action`, `detail`, `created_at`) VALUES ('143', '1', 'edit_tempat_pkl', 'ID: 10, Nama: Life Media Yogyakarta, Lat: -7.8248, Lng: 110.36783, Radius: 150', '2025-08-20 22:14:14');
INSERT INTO `audit_log` (`id`, `user_id`, `action`, `detail`, `created_at`) VALUES ('144', '1', 'edit_tempat_pkl', 'ID: 19, Nama: Lintas Fiber Semarang, Lat: -7.00384, Lng: 110.41994, Radius: 100', '2025-08-20 22:15:00');
INSERT INTO `audit_log` (`id`, `user_id`, `action`, `detail`, `created_at`) VALUES ('145', '1', 'edit_tempat_pkl', 'ID: 8, Nama: Megadata ISP, Lat: -7.7581, Lng: 110.4882, Radius: 50', '2025-08-20 22:15:59');
INSERT INTO `audit_log` (`id`, `user_id`, `action`, `detail`, `created_at`) VALUES ('146', '1', 'edit_tempat_pkl', 'ID: 9, Nama: Muffaindo Komunikasi, Lat: -7.40121, Lng: 110.2313, Radius: 50', '2025-08-20 22:17:34');
INSERT INTO `audit_log` (`id`, `user_id`, `action`, `detail`, `created_at`) VALUES ('147', '1', 'edit_tempat_pkl', 'ID: 7, Nama: PT Desane Sinar Media Temanggung, Lat: -7.29599, Lng: 110.17965, Radius: 50', '2025-08-20 22:18:26');
INSERT INTO `audit_log` (`id`, `user_id`, `action`, `detail`, `created_at`) VALUES ('148', '1', 'edit_tempat_pkl', 'ID: 6, Nama: PT. Selaras Citra Terabit, Lat: -7.44996, Lng: 110.23081, Radius: 50', '2025-08-20 22:23:10');
INSERT INTO `audit_log` (`id`, `user_id`, `action`, `detail`, `created_at`) VALUES ('149', '1', 'edit_pembimbing', 'ID: 14, Nama: IRMA WOLUANDARI, S.Kom, NIP: 198508282022212026, Username: irma1985, Password: diubah', '2025-08-20 22:24:20');
INSERT INTO `audit_log` (`id`, `user_id`, `action`, `detail`, `created_at`) VALUES ('150', '81', 'login', '', '2025-08-20 22:25:58');
INSERT INTO `audit_log` (`id`, `user_id`, `action`, `detail`, `created_at`) VALUES ('151', '1', 'profile_update', 'Mengupdate pengaturan aplikasi: {\"school_name\":\"SMK Negeri Pringsurat\",\"school_address\":\"Desa Pingit Pringsurat\",\"school_phone\":\"(0293) 650000\",\"school_email\":\"admin@smknpringsurat.sch.id\",\"school_website\":\"https:\\/\\/www.smknpringsurat.sch.id\"}', '2025-08-20 22:26:44');
INSERT INTO `audit_log` (`id`, `user_id`, `action`, `detail`, `created_at`) VALUES ('152', '1', 'edit_tempat_pkl', 'ID: 11, Nama: Sabily Solutions, Lat: -7.3133, Lng: 110.2979, Radius: 50', '2025-08-20 22:27:15');
INSERT INTO `audit_log` (`id`, `user_id`, `action`, `detail`, `created_at`) VALUES ('153', '1', 'edit_tempat_pkl', 'ID: 24, Nama: STMIK Bina Patria, Lat: -7.45974, Lng: 110.22172, Radius: 100', '2025-08-20 22:29:16');
INSERT INTO `audit_log` (`id`, `user_id`, `action`, `detail`, `created_at`) VALUES ('154', '1', 'edit_tempat_pkl', 'ID: 12, Nama: SW Group Digital, Lat: -7.45995, Lng: 110.28023, Radius: 50', '2025-08-20 22:30:00');
INSERT INTO `audit_log` (`id`, `user_id`, `action`, `detail`, `created_at`) VALUES ('155', '1', 'edit_tempat_pkl', 'ID: 15, Nama: Telkom Akses Magelang, Lat: -7.50005, Lng: 110.22765, Radius: 100', '2025-08-20 22:31:01');
INSERT INTO `audit_log` (`id`, `user_id`, `action`, `detail`, `created_at`) VALUES ('156', '1', 'edit_tempat_pkl', 'ID: 16, Nama: Telkom Akses Salatiga, Lat: -7.32616, Lng: 110.50509, Radius: 100', '2025-08-20 22:31:52');
INSERT INTO `audit_log` (`id`, `user_id`, `action`, `detail`, `created_at`) VALUES ('157', '1', 'edit_tempat_pkl', 'ID: 18, Nama: Tunggal Komputer, Lat: -7.31559, Lng: 110.18353, Radius: 50', '2025-08-20 22:32:47');
INSERT INTO `audit_log` (`id`, `user_id`, `action`, `detail`, `created_at`) VALUES ('158', '1', 'edit_tempat_pkl', 'ID: 22, Nama: UNIMMA Magelang, Lat: -7.52184, Lng: 110.22707, Radius: 150', '2025-08-20 22:33:43');
INSERT INTO `audit_log` (`id`, `user_id`, `action`, `detail`, `created_at`) VALUES ('159', '1', 'edit_tempat_pkl', 'ID: 25, Nama: Universitas Negeri Tidar Magelang, Lat: -7.4593, Lng: 110.21717, Radius: 150', '2025-08-20 22:34:33');
INSERT INTO `audit_log` (`id`, `user_id`, `action`, `detail`, `created_at`) VALUES ('160', '1', 'edit_tempat_pkl', 'ID: 5, Nama: Universitas Sains dan Teknologi Komputer Ambarawa, Lat: -7.26729, Lng: 110.38302, Radius: 50', '2025-08-20 22:35:23');
INSERT INTO `audit_log` (`id`, `user_id`, `action`, `detail`, `created_at`) VALUES ('161', '1', 'edit_tempat_pkl', 'ID: 14, Nama: Universitas Teknologi Digital Indonesia, Lat: -7.79275, Lng: 110.40831, Radius: 150', '2025-08-20 22:36:24');
INSERT INTO `audit_log` (`id`, `user_id`, `action`, `detail`, `created_at`) VALUES ('162', '1', 'edit_pembimbing', 'ID: 11, Nama: HERI SUGIYANTA,S.T, NIP: 198308192009031005, Username: hery1983, Password: diubah', '2025-08-20 22:37:18');
INSERT INTO `audit_log` (`id`, `user_id`, `action`, `detail`, `created_at`) VALUES ('163', '1', 'edit_pembimbing', 'ID: 6, Nama: LATIF DWI PURWATI, S.Pd.,Kom, NIP: 199312282025212026, Username: latif1993, Password: diubah', '2025-08-20 22:38:26');
INSERT INTO `audit_log` (`id`, `user_id`, `action`, `detail`, `created_at`) VALUES ('164', '1', 'edit_pembimbing', 'ID: 9, Nama: BUDI PURWANTO,S.Kom, NIP: 198209022009031011, Username: budi1092, Password: diubah', '2025-08-20 22:39:28');
INSERT INTO `audit_log` (`id`, `user_id`, `action`, `detail`, `created_at`) VALUES ('165', '1', 'edit_pembimbing', 'ID: 12, Nama: DEDEH DWI WIJAYANTI, S.Pd, NIP: 198111062023212007, Username: dedeh1981, Password: diubah', '2025-08-20 22:40:14');
INSERT INTO `audit_log` (`id`, `user_id`, `action`, `detail`, `created_at`) VALUES ('166', '1', 'edit_pembimbing', 'ID: 7, Nama: ISMAYANI WIDYA P, S.Pd, NIP: 198810152022212009, Username: maya, Password: diubah', '2025-08-20 22:41:01');
INSERT INTO `audit_log` (`id`, `user_id`, `action`, `detail`, `created_at`) VALUES ('167', '1', 'edit_pembimbing', 'ID: 8, Nama: MARDIYATI, S.Pd, NIP: 196611242023212001, Username: mardiyati66, Password: diubah', '2025-08-20 22:41:47');
INSERT INTO `audit_log` (`id`, `user_id`, `action`, `detail`, `created_at`) VALUES ('168', '1', 'edit_pembimbing', 'ID: 13, Nama: SETIYO BUDI LEKSONO, S.Pd., NIP: 198105252014061001, Username: setiyo81, Password: diubah', '2025-08-20 22:42:30');
INSERT INTO `audit_log` (`id`, `user_id`, `action`, `detail`, `created_at`) VALUES ('169', '1', 'tambah_siswa', 'NIS: Febriyana Wahyu Astuti, Nama: Febriyana Wahyu Astuti', '2025-08-20 22:46:19');
INSERT INTO `audit_log` (`id`, `user_id`, `action`, `detail`, `created_at`) VALUES ('170', '1', 'database_restore', 'Restore database berhasil dari file: backup_absensi_pkl_2025-08-20_10-47-27.sql', '2025-08-21 22:22:27');
INSERT INTO `audit_log` (`id`, `user_id`, `action`, `detail`, `created_at`) VALUES ('178', '1', 'edit_siswa', 'ID: 15, Nama: DUWI ASTUTIK', '2025-08-21 22:35:31');
INSERT INTO `audit_log` (`id`, `user_id`, `action`, `detail`, `created_at`) VALUES ('179', '1', 'edit_siswa', 'ID: 77, Nama: Febriyana Wahyu Astuti', '2025-08-21 22:35:45');
INSERT INTO `audit_log` (`id`, `user_id`, `action`, `detail`, `created_at`) VALUES ('180', '1', 'edit_siswa', 'ID: 18, Nama: FIO KHABIB FAHRIZAL', '2025-08-21 22:35:54');
INSERT INTO `audit_log` (`id`, `user_id`, `action`, `detail`, `created_at`) VALUES ('181', '1', 'edit_siswa', 'ID: 20, Nama: GINARIS RAHITA PUTRI APRILIA', '2025-08-21 22:36:02');
INSERT INTO `audit_log` (`id`, `user_id`, `action`, `detail`, `created_at`) VALUES ('182', '1', 'edit_siswa', 'ID: 31, Nama: OKTA SELVIANA', '2025-08-21 22:36:11');
INSERT INTO `audit_log` (`id`, `user_id`, `action`, `detail`, `created_at`) VALUES ('183', '1', 'edit_siswa', 'ID: 40, Nama: ZAHROTUS SYITA', '2025-08-21 22:36:21');
INSERT INTO `audit_log` (`id`, `user_id`, `action`, `detail`, `created_at`) VALUES ('184', '1', 'edit_siswa', 'ID: 17, Nama: FEBRIANA WAHYU ASTUTI', '2025-08-21 22:42:29');
INSERT INTO `audit_log` (`id`, `user_id`, `action`, `detail`, `created_at`) VALUES ('185', '1', 'edit_siswa', 'ID: 40, Nama: ZAHROTUS SYITA', '2025-08-21 22:43:04');
INSERT INTO `audit_log` (`id`, `user_id`, `action`, `detail`, `created_at`) VALUES ('186', '1', 'hapus_siswa', 'ID: 77, Nama: Febriyana Wahyu Astuti', '2025-08-21 22:43:31');
INSERT INTO `audit_log` (`id`, `user_id`, `action`, `detail`, `created_at`) VALUES ('187', '1', 'tambah_siswa', 'NIS: 0071846797, Nama: AFIK RAHARDIAN', '2025-08-21 22:46:16');
INSERT INTO `audit_log` (`id`, `user_id`, `action`, `detail`, `created_at`) VALUES ('188', '1', 'tambah_siswa', 'NIS: 2209, Nama: AHMAD DAFIN NUGROHO', '2025-08-21 22:52:19');
INSERT INTO `audit_log` (`id`, `user_id`, `action`, `detail`, `created_at`) VALUES ('189', '1', 'database_backup', 'Backup database berhasil: backup_absensi_pkl_2025-08-21_17-56-39.sql', '2025-08-21 22:56:39');
INSERT INTO `audit_log` (`id`, `user_id`, `action`, `detail`, `created_at`) VALUES ('190', '1', 'export_xls', 'Export laporan absensi periode 2025-07-22 sampai 2025-08-21', '2025-08-21 23:10:35');
INSERT INTO `audit_log` (`id`, `user_id`, `action`, `detail`, `created_at`) VALUES ('191', '1', 'profile_update', 'Mengupdate pengaturan aplikasi: {\"school_address\":\"Desa Pingit Pringsurat\",\"school_phone\":\"(0293) 650000\",\"school_email\":\"admin@smknpringsurat.sch.id\",\"school_website\":\"https:\\/\\/www.smknpringsurat.sch.id\",\"school_name\":\"SMK Negeri Pringsurat\"}', '2025-08-21 23:20:33');
INSERT INTO `audit_log` (`id`, `user_id`, `action`, `detail`, `created_at`) VALUES ('192', '1', 'database_backup', 'Backup database berhasil: backup_absensi_pkl_2025-08-21_18-34-31.sql', '2025-08-21 23:34:31');
INSERT INTO `audit_log` (`id`, `user_id`, `action`, `detail`, `created_at`) VALUES ('193', '1', 'edit_tempat_pkl', 'ID: 17, Nama: Ambarawa Network Solution, Lat: -7.27825, Lng: 110.4025, Radius: 50', '2025-08-21 23:39:11');
INSERT INTO `audit_log` (`id`, `user_id`, `action`, `detail`, `created_at`) VALUES ('194', '1', 'database_backup', 'Backup database berhasil: backup_absensi_pkl_2025-08-21_18-39-26.sql', '2025-08-21 23:39:26');
INSERT INTO `audit_log` (`id`, `user_id`, `action`, `detail`, `created_at`) VALUES ('195', '1', 'login', '', '2025-08-24 22:43:45');
INSERT INTO `audit_log` (`id`, `user_id`, `action`, `detail`, `created_at`) VALUES ('196', '1', 'login', '', '2025-08-24 22:46:38');
INSERT INTO `audit_log` (`id`, `user_id`, `action`, `detail`, `created_at`) VALUES ('197', '1', 'logout', '', '2025-08-24 22:47:59');
INSERT INTO `audit_log` (`id`, `user_id`, `action`, `detail`, `created_at`) VALUES ('198', '1', 'login', '', '2025-08-24 22:48:08');
INSERT INTO `audit_log` (`id`, `user_id`, `action`, `detail`, `created_at`) VALUES ('199', '1', 'logout', '', '2025-08-24 22:48:24');
INSERT INTO `audit_log` (`id`, `user_id`, `action`, `detail`, `created_at`) VALUES ('200', '1', 'login', '', '2025-08-24 22:48:32');
INSERT INTO `audit_log` (`id`, `user_id`, `action`, `detail`, `created_at`) VALUES ('201', '1', 'logout', '', '2025-08-24 22:55:02');
INSERT INTO `audit_log` (`id`, `user_id`, `action`, `detail`, `created_at`) VALUES ('202', '1', 'login', '', '2025-08-24 22:55:09');
INSERT INTO `audit_log` (`id`, `user_id`, `action`, `detail`, `created_at`) VALUES ('203', '1', 'logout', '', '2025-08-24 23:06:37');
INSERT INTO `audit_log` (`id`, `user_id`, `action`, `detail`, `created_at`) VALUES ('204', '1', 'login', '', '2025-08-24 23:06:44');
INSERT INTO `audit_log` (`id`, `user_id`, `action`, `detail`, `created_at`) VALUES ('205', '83', 'login', '', '2025-08-24 23:10:39');
INSERT INTO `audit_log` (`id`, `user_id`, `action`, `detail`, `created_at`) VALUES ('206', '1', 'logout', '', '2025-08-24 23:30:12');
INSERT INTO `audit_log` (`id`, `user_id`, `action`, `detail`, `created_at`) VALUES ('207', '1', 'login', '', '2025-08-24 23:30:51');
INSERT INTO `audit_log` (`id`, `user_id`, `action`, `detail`, `created_at`) VALUES ('208', '83', 'login', '', '2025-08-24 23:32:44');
INSERT INTO `audit_log` (`id`, `user_id`, `action`, `detail`, `created_at`) VALUES ('209', '1', 'login', '', '2025-08-24 23:33:26');
INSERT INTO `audit_log` (`id`, `user_id`, `action`, `detail`, `created_at`) VALUES ('210', '83', 'logout', '', '2025-08-24 23:43:37');
INSERT INTO `audit_log` (`id`, `user_id`, `action`, `detail`, `created_at`) VALUES ('211', '1', 'profile_update', 'Mengupdate pengaturan aplikasi: {\"app_title\":\"Absensi Online PKL\",\"gps_radius\":\"150\",\"max_upload_size\":\"5\",\"session_timeout\":\"3600\"}', '2025-08-24 23:45:47');
INSERT INTO `audit_log` (`id`, `user_id`, `action`, `detail`, `created_at`) VALUES ('212', '1', 'profile_update', 'Mengupdate pengaturan aplikasi: {\"app_title\":\"Absensi Online PKL\",\"gps_radius\":\"150\",\"max_upload_size\":\"5\",\"session_timeout\":\"3600\"}', '2025-08-24 23:46:38');
INSERT INTO `audit_log` (`id`, `user_id`, `action`, `detail`, `created_at`) VALUES ('213', '1', 'profile_update', 'Mengupdate pengaturan aplikasi: {\"school_address\":\"Desa Pingit Pringsurat\",\"school_phone\":\"(0293) 650000\",\"school_email\":\"admin@smknpringsurat.sch.id\",\"school_website\":\"https:\\/\\/www.smknpringsurat.sch.id\",\"school_name\":\"SMK Negeri Pringsurat\"}', '2025-08-24 23:47:04');
INSERT INTO `audit_log` (`id`, `user_id`, `action`, `detail`, `created_at`) VALUES ('214', '1', 'profile_update', 'Mengupdate pengaturan aplikasi: {\"school_address\":\"Desa Pingit Pringsurat\",\"school_phone\":\"(0293) 650000\",\"school_email\":\"admin@smknpringsurat.sch.id\",\"school_website\":\"https:\\/\\/www.smknpringsurat.sch.id\",\"school_name\":\"SMK Negeri Pringsurat\"}', '2025-08-24 23:49:18');
INSERT INTO `audit_log` (`id`, `user_id`, `action`, `detail`, `created_at`) VALUES ('215', '1', 'login', '', '2025-08-24 23:50:15');
INSERT INTO `audit_log` (`id`, `user_id`, `action`, `detail`, `created_at`) VALUES ('216', '1', 'database_backup', 'Backup database berhasil: backup_absensi_pkl_2025-08-24_18-50-28.sql', '2025-08-24 23:50:28');
INSERT INTO `audit_log` (`id`, `user_id`, `action`, `detail`, `created_at`) VALUES ('217', '1', 'login', '', '2025-08-25 16:13:10');
INSERT INTO `audit_log` (`id`, `user_id`, `action`, `detail`, `created_at`) VALUES ('218', '1', 'logout', '', '2025-08-25 16:13:13');
INSERT INTO `audit_log` (`id`, `user_id`, `action`, `detail`, `created_at`) VALUES ('219', '1', 'login', '', '2025-08-25 16:13:32');
INSERT INTO `audit_log` (`id`, `user_id`, `action`, `detail`, `created_at`) VALUES ('220', '1', 'logout', '', '2025-08-25 16:13:34');
INSERT INTO `audit_log` (`id`, `user_id`, `action`, `detail`, `created_at`) VALUES ('221', '1', 'login', '', '2025-08-25 16:23:53');

-- Struktur tabel `pembimbing`
DROP TABLE IF EXISTS `pembimbing`;
CREATE TABLE `pembimbing` (
  `id` int(11) NOT NULL AUTO_INCREMENT,
  `nama` varchar(255) NOT NULL,
  `nip` varchar(18) NOT NULL,
  `user_id` int(11) DEFAULT NULL,
  `created_at` timestamp NOT NULL DEFAULT current_timestamp(),
  `updated_at` timestamp NOT NULL DEFAULT current_timestamp() ON UPDATE current_timestamp(),
  PRIMARY KEY (`id`),
  UNIQUE KEY `nip` (`nip`)
) ENGINE=InnoDB AUTO_INCREMENT=15 DEFAULT CHARSET=utf8mb4 COLLATE=utf8mb4_unicode_ci;

-- Data untuk tabel `pembimbing`
INSERT INTO `pembimbing` (`id`, `nama`, `nip`, `user_id`, `created_at`, `updated_at`) VALUES ('6', 'LATIF DWI PURWATI, S.Pd.,Kom', '199312282025212026', '83', '2025-08-21 22:28:02', '2025-08-21 22:28:02');
INSERT INTO `pembimbing` (`id`, `nama`, `nip`, `user_id`, `created_at`, `updated_at`) VALUES ('7', 'ISMAYANI WIDYA P, S.Pd', '198810152022212009', '86', '2025-08-20 21:21:41', '2025-08-20 22:41:01');
INSERT INTO `pembimbing` (`id`, `nama`, `nip`, `user_id`, `created_at`, `updated_at`) VALUES ('8', 'MARDIYATI, S.Pd', '196611242023212001', '87', '2025-08-20 21:21:41', '2025-08-20 22:41:47');
INSERT INTO `pembimbing` (`id`, `nama`, `nip`, `user_id`, `created_at`, `updated_at`) VALUES ('9', 'BUDI PURWANTO,S.Kom', '198209022009031011', '84', '2025-08-20 21:21:41', '2025-08-20 22:39:28');
INSERT INTO `pembimbing` (`id`, `nama`, `nip`, `user_id`, `created_at`, `updated_at`) VALUES ('11', 'HERI SUGIYANTA,S.T', '198308192009031005', '82', '2025-08-20 21:21:41', '2025-08-20 22:37:18');
INSERT INTO `pembimbing` (`id`, `nama`, `nip`, `user_id`, `created_at`, `updated_at`) VALUES ('12', 'DEDEH DWI WIJAYANTI, S.Pd', '198111062023212007', '85', '2025-08-20 21:21:41', '2025-08-20 22:40:14');
INSERT INTO `pembimbing` (`id`, `nama`, `nip`, `user_id`, `created_at`, `updated_at`) VALUES ('13', 'SETIYO BUDI LEKSONO, S.Pd.', '198105252014061001', '88', '2025-08-20 21:21:41', '2025-08-20 22:42:30');
INSERT INTO `pembimbing` (`id`, `nama`, `nip`, `user_id`, `created_at`, `updated_at`) VALUES ('14', 'IRMA WOLUANDARI, S.Kom', '198508282022212026', '81', '2025-08-20 21:21:42', '2025-08-20 22:24:20');

-- Struktur tabel `siswa`
DROP TABLE IF EXISTS `siswa`;
CREATE TABLE `siswa` (
  `id` int(11) NOT NULL AUTO_INCREMENT,
  `user_id` int(11) DEFAULT NULL,
  `nis` varchar(50) NOT NULL,
  `nama` varchar(100) NOT NULL,
  `kelas` varchar(50) NOT NULL,
  `pembimbing_id` int(11) NOT NULL,
  `tempat_pkl_id` int(11) NOT NULL,
  PRIMARY KEY (`id`),
  KEY `user_id` (`user_id`),
  KEY `pembimbing_id` (`pembimbing_id`),
  KEY `tempat_pkl_id` (`tempat_pkl_id`)
) ENGINE=InnoDB AUTO_INCREMENT=80 DEFAULT CHARSET=utf8mb4 COLLATE=utf8mb4_unicode_ci;

-- Data untuk tabel `siswa`
INSERT INTO `siswa` (`id`, `user_id`, `nis`, `nama`, `kelas`, `pembimbing_id`, `tempat_pkl_id`) VALUES ('8', '12', '2210', 'ANGGUN SAPUTRA', 'XII TJKT 1', '8', '6');
INSERT INTO `siswa` (`id`, `user_id`, `nis`, `nama`, `kelas`, `pembimbing_id`, `tempat_pkl_id`) VALUES ('9', '13', '2211', 'ANJAR BASTIANTO', 'XII TJKT 1', '7', '7');
INSERT INTO `siswa` (`id`, `user_id`, `nis`, `nama`, `kelas`, `pembimbing_id`, `tempat_pkl_id`) VALUES ('10', '14', '2212', 'ARTA NABILLA', 'XII TJKT 1', '9', '8');
INSERT INTO `siswa` (`id`, `user_id`, `nis`, `nama`, `kelas`, `pembimbing_id`, `tempat_pkl_id`) VALUES ('11', '15', '2213', 'BAYU MONO OKTARA', 'XII TJKT 1', '12', '9');
INSERT INTO `siswa` (`id`, `user_id`, `nis`, `nama`, `kelas`, `pembimbing_id`, `tempat_pkl_id`) VALUES ('12', '16', '2214', 'DAFFA MUHAMMAD ARRAFI', 'XII TJKT 1', '9', '8');
INSERT INTO `siswa` (`id`, `user_id`, `nis`, `nama`, `kelas`, `pembimbing_id`, `tempat_pkl_id`) VALUES ('13', '17', '2215', 'DESTA ANDARA', 'XII TJKT 1', '11', '10');
INSERT INTO `siswa` (`id`, `user_id`, `nis`, `nama`, `kelas`, `pembimbing_id`, `tempat_pkl_id`) VALUES ('14', '18', '2216', 'DINTA AYU RADHIA PRAMESTI', 'XII TJKT 1', '12', '11');
INSERT INTO `siswa` (`id`, `user_id`, `nis`, `nama`, `kelas`, `pembimbing_id`, `tempat_pkl_id`) VALUES ('15', '19', '2217', 'DUWI ASTUTIK', 'XII TJKT 1', '6', '27');
INSERT INTO `siswa` (`id`, `user_id`, `nis`, `nama`, `kelas`, `pembimbing_id`, `tempat_pkl_id`) VALUES ('16', '20', '2218', 'FARHAN ADI NUROHMAN', 'XII TJKT 1', '12', '11');
INSERT INTO `siswa` (`id`, `user_id`, `nis`, `nama`, `kelas`, `pembimbing_id`, `tempat_pkl_id`) VALUES ('17', '21', '2219', 'FEBRIANA WAHYU ASTUTI', 'XII TJKT 1', '8', '12');
INSERT INTO `siswa` (`id`, `user_id`, `nis`, `nama`, `kelas`, `pembimbing_id`, `tempat_pkl_id`) VALUES ('18', '22', '2220', 'FIO KHABIB FAHRIZAL', 'XII TJKT 1', '6', '27');
INSERT INTO `siswa` (`id`, `user_id`, `nis`, `nama`, `kelas`, `pembimbing_id`, `tempat_pkl_id`) VALUES ('19', '23', '2221', 'GALANG ANGGER SETIAWAN', 'XII TJKT 1', '13', '13');
INSERT INTO `siswa` (`id`, `user_id`, `nis`, `nama`, `kelas`, `pembimbing_id`, `tempat_pkl_id`) VALUES ('20', '24', '2222', 'GINARIS RAHITA PUTRI APRILIA', 'XII TJKT 1', '6', '27');
INSERT INTO `siswa` (`id`, `user_id`, `nis`, `nama`, `kelas`, `pembimbing_id`, `tempat_pkl_id`) VALUES ('21', '25', '2223', 'HAYU NUR RAHMAWATI', 'XII TJKT 1', '11', '14');
INSERT INTO `siswa` (`id`, `user_id`, `nis`, `nama`, `kelas`, `pembimbing_id`, `tempat_pkl_id`) VALUES ('22', '26', '2224', 'INDAH KURNIA ULFA', 'XII TJKT 1', '14', '15');
INSERT INTO `siswa` (`id`, `user_id`, `nis`, `nama`, `kelas`, `pembimbing_id`, `tempat_pkl_id`) VALUES ('23', '27', '2225', 'KAYLLA DESTA KHOIRRUNIZA', 'XII TJKT 1', '12', '11');
INSERT INTO `siswa` (`id`, `user_id`, `nis`, `nama`, `kelas`, `pembimbing_id`, `tempat_pkl_id`) VALUES ('24', '28', '2226', 'LAELATUL NASYIFA', 'XII TJKT 1', '13', '12');
INSERT INTO `siswa` (`id`, `user_id`, `nis`, `nama`, `kelas`, `pembimbing_id`, `tempat_pkl_id`) VALUES ('25', '29', '2227', 'LILA AGUSTINA', 'XII TJKT 1', '6', '16');
INSERT INTO `siswa` (`id`, `user_id`, `nis`, `nama`, `kelas`, `pembimbing_id`, `tempat_pkl_id`) VALUES ('26', '30', '2228', 'LINTANG AJI CAHYA', 'XII TJKT 1', '9', '8');
INSERT INTO `siswa` (`id`, `user_id`, `nis`, `nama`, `kelas`, `pembimbing_id`, `tempat_pkl_id`) VALUES ('27', '31', '2229', 'LULUK KHUMAERAH', 'XII TJKT 1', '6', '16');
INSERT INTO `siswa` (`id`, `user_id`, `nis`, `nama`, `kelas`, `pembimbing_id`, `tempat_pkl_id`) VALUES ('28', '32', '2230', 'MAYSAHARANNISA', 'XII TJKT 1', '8', '6');
INSERT INTO `siswa` (`id`, `user_id`, `nis`, `nama`, `kelas`, `pembimbing_id`, `tempat_pkl_id`) VALUES ('29', '33', '2231', 'MUHAMMAD AL FATIH NAWAHA', 'XII TJKT 1', '9', '17');
INSERT INTO `siswa` (`id`, `user_id`, `nis`, `nama`, `kelas`, `pembimbing_id`, `tempat_pkl_id`) VALUES ('30', '34', '2232', 'MUKHAMAD MAHSUNNIZAM', 'XII TJKT 1', '6', '16');
INSERT INTO `siswa` (`id`, `user_id`, `nis`, `nama`, `kelas`, `pembimbing_id`, `tempat_pkl_id`) VALUES ('31', '35', '2233', 'OKTA SELVIANA', 'XII TJKT 1', '6', '27');
INSERT INTO `siswa` (`id`, `user_id`, `nis`, `nama`, `kelas`, `pembimbing_id`, `tempat_pkl_id`) VALUES ('32', '36', '2234', 'REFAL AKHYA FIRDAUS', 'XII TJKT 1', '12', '9');
INSERT INTO `siswa` (`id`, `user_id`, `nis`, `nama`, `kelas`, `pembimbing_id`, `tempat_pkl_id`) VALUES ('33', '37', '2235', 'RIDHOTU FAIZAL', 'XII TJKT 1', '12', '18');
INSERT INTO `siswa` (`id`, `user_id`, `nis`, `nama`, `kelas`, `pembimbing_id`, `tempat_pkl_id`) VALUES ('34', '38', '2236', 'RIDWAN NUR ARDIANSYAH', 'XII TJKT 1', '11', '10');
INSERT INTO `siswa` (`id`, `user_id`, `nis`, `nama`, `kelas`, `pembimbing_id`, `tempat_pkl_id`) VALUES ('35', '39', '2237', 'SEFTIA RAMANDANI OFTAVIA', 'XII TJKT 1', '9', '19');
INSERT INTO `siswa` (`id`, `user_id`, `nis`, `nama`, `kelas`, `pembimbing_id`, `tempat_pkl_id`) VALUES ('36', '40', '2238', 'SIMA FAREHAN APRILIA AHMAD', 'XII TJKT 1', '9', '19');
INSERT INTO `siswa` (`id`, `user_id`, `nis`, `nama`, `kelas`, `pembimbing_id`, `tempat_pkl_id`) VALUES ('37', '41', '2239', 'SITI NUR KHOLIMAH MONICA ARTA', 'XII TJKT 1', '6', '16');
INSERT INTO `siswa` (`id`, `user_id`, `nis`, `nama`, `kelas`, `pembimbing_id`, `tempat_pkl_id`) VALUES ('38', '42', '2240', 'WASIK MUNAFI\'AH', 'XII TJKT 1', '7', '20');
INSERT INTO `siswa` (`id`, `user_id`, `nis`, `nama`, `kelas`, `pembimbing_id`, `tempat_pkl_id`) VALUES ('39', '43', '2241', 'WENDI ASTINA', 'XII TJKT 1', '8', '21');
INSERT INTO `siswa` (`id`, `user_id`, `nis`, `nama`, `kelas`, `pembimbing_id`, `tempat_pkl_id`) VALUES ('40', '44', '2242', 'ZAHROTUS SYITA', 'XII TJKT 1', '6', '27');
INSERT INTO `siswa` (`id`, `user_id`, `nis`, `nama`, `kelas`, `pembimbing_id`, `tempat_pkl_id`) VALUES ('41', '45', '2243', 'ZAKI HASANUDIN', 'XII TJKT 1', '11', '10');
INSERT INTO `siswa` (`id`, `user_id`, `nis`, `nama`, `kelas`, `pembimbing_id`, `tempat_pkl_id`) VALUES ('42', '46', '2244', 'AGUSTINA WAHYU KINANTI', 'XII TJKT 2', '14', '22');
INSERT INTO `siswa` (`id`, `user_id`, `nis`, `nama`, `kelas`, `pembimbing_id`, `tempat_pkl_id`) VALUES ('43', '47', '2245', 'AHMAD HILMI FUADI', 'XII TJKT 2', '11', '23');
INSERT INTO `siswa` (`id`, `user_id`, `nis`, `nama`, `kelas`, `pembimbing_id`, `tempat_pkl_id`) VALUES ('44', '48', '2246', 'AJI ABASTIAN', 'XII TJKT 2', '7', '5');
INSERT INTO `siswa` (`id`, `user_id`, `nis`, `nama`, `kelas`, `pembimbing_id`, `tempat_pkl_id`) VALUES ('45', '49', '2247', 'AMELIA TIARA APSARI', 'XII TJKT 2', '14', '22');
INSERT INTO `siswa` (`id`, `user_id`, `nis`, `nama`, `kelas`, `pembimbing_id`, `tempat_pkl_id`) VALUES ('46', '50', '2248', 'ATFY ZUL ALIFA', 'XII TJKT 2', '14', '22');
INSERT INTO `siswa` (`id`, `user_id`, `nis`, `nama`, `kelas`, `pembimbing_id`, `tempat_pkl_id`) VALUES ('47', '51', '2249', 'AULIA NURSYAFA', 'XII TJKT 2', '14', '15');
INSERT INTO `siswa` (`id`, `user_id`, `nis`, `nama`, `kelas`, `pembimbing_id`, `tempat_pkl_id`) VALUES ('48', '52', '2250', 'BIAN SAPUTRA', 'XII TJKT 2', '12', '11');
INSERT INTO `siswa` (`id`, `user_id`, `nis`, `nama`, `kelas`, `pembimbing_id`, `tempat_pkl_id`) VALUES ('49', '53', '2251', 'DENI SETIYAWAN', 'XII TJKT 2', '7', '7');
INSERT INTO `siswa` (`id`, `user_id`, `nis`, `nama`, `kelas`, `pembimbing_id`, `tempat_pkl_id`) VALUES ('50', '54', '2252', 'DESTI RYA AMANDA', 'XII TJKT 2', '8', '24');
INSERT INTO `siswa` (`id`, `user_id`, `nis`, `nama`, `kelas`, `pembimbing_id`, `tempat_pkl_id`) VALUES ('51', '55', '2253', 'FATKHUL HIKAM', 'XII TJKT 2', '8', '6');
INSERT INTO `siswa` (`id`, `user_id`, `nis`, `nama`, `kelas`, `pembimbing_id`, `tempat_pkl_id`) VALUES ('52', '56', '2254', 'FHADILAH RAHMA ALIFA', 'XII TJKT 2', '14', '25');
INSERT INTO `siswa` (`id`, `user_id`, `nis`, `nama`, `kelas`, `pembimbing_id`, `tempat_pkl_id`) VALUES ('53', '57', '2255', 'FITRI RAHAYU', 'XII TJKT 2', '9', '8');
INSERT INTO `siswa` (`id`, `user_id`, `nis`, `nama`, `kelas`, `pembimbing_id`, `tempat_pkl_id`) VALUES ('54', '58', '2256', 'GANINDYA ALUN ULLAYA', 'XII TJKT 2', '11', '14');
INSERT INTO `siswa` (`id`, `user_id`, `nis`, `nama`, `kelas`, `pembimbing_id`, `tempat_pkl_id`) VALUES ('55', '59', '2257', 'GILANG KURNIAWAN', 'XII TJKT 2', '7', '5');
INSERT INTO `siswa` (`id`, `user_id`, `nis`, `nama`, `kelas`, `pembimbing_id`, `tempat_pkl_id`) VALUES ('56', '60', '2258', 'HAYUAN NAYLIL YUSUFA', 'XII TJKT 2', '11', '23');
INSERT INTO `siswa` (`id`, `user_id`, `nis`, `nama`, `kelas`, `pembimbing_id`, `tempat_pkl_id`) VALUES ('57', '61', '2259', 'IKA ERLIYANA', 'XII TJKT 2', '14', '22');
INSERT INTO `siswa` (`id`, `user_id`, `nis`, `nama`, `kelas`, `pembimbing_id`, `tempat_pkl_id`) VALUES ('58', '62', '2260', 'LAELA NESYA SALWA', 'XII TJKT 2', '11', '14');
INSERT INTO `siswa` (`id`, `user_id`, `nis`, `nama`, `kelas`, `pembimbing_id`, `tempat_pkl_id`) VALUES ('59', '63', '2261', 'LINA HIDAYATUL MAGFIROH', 'XII TJKT 2', '14', '25');
INSERT INTO `siswa` (`id`, `user_id`, `nis`, `nama`, `kelas`, `pembimbing_id`, `tempat_pkl_id`) VALUES ('60', '64', '2262', 'MELFIA SAPUTRI', 'XII TJKT 2', '14', '15');
INSERT INTO `siswa` (`id`, `user_id`, `nis`, `nama`, `kelas`, `pembimbing_id`, `tempat_pkl_id`) VALUES ('61', '65', '2263', 'MUHAMAD GALANG FEBRIYANTO', 'XII TJKT 2', '6', '26');
INSERT INTO `siswa` (`id`, `user_id`, `nis`, `nama`, `kelas`, `pembimbing_id`, `tempat_pkl_id`) VALUES ('62', '66', '2264', 'MUHAMAD NAUFAL LUKMAN HAKIM', 'XII TJKT 2', '14', '15');
INSERT INTO `siswa` (`id`, `user_id`, `nis`, `nama`, `kelas`, `pembimbing_id`, `tempat_pkl_id`) VALUES ('63', '67', '2265', 'MUHAMMAD DIMAS ANDRIYAN', 'XII TJKT 2', '7', '5');
INSERT INTO `siswa` (`id`, `user_id`, `nis`, `nama`, `kelas`, `pembimbing_id`, `tempat_pkl_id`) VALUES ('64', '68', '2266', 'NISA PUJI ASTUTI', 'XII TJKT 2', '12', '18');
INSERT INTO `siswa` (`id`, `user_id`, `nis`, `nama`, `kelas`, `pembimbing_id`, `tempat_pkl_id`) VALUES ('65', '69', '2267', 'RAFIKA DIAZ UTOMO', 'XII TJKT 2', '9', '17');
INSERT INTO `siswa` (`id`, `user_id`, `nis`, `nama`, `kelas`, `pembimbing_id`, `tempat_pkl_id`) VALUES ('66', '70', '2268', 'RAHAYU CITRA NUGRAHENY', 'XII TJKT 2', '11', '14');
INSERT INTO `siswa` (`id`, `user_id`, `nis`, `nama`, `kelas`, `pembimbing_id`, `tempat_pkl_id`) VALUES ('67', '71', '2269', 'RESTU KHOIRUL \'ULUM', 'XII TJKT 2', '14', '15');
INSERT INTO `siswa` (`id`, `user_id`, `nis`, `nama`, `kelas`, `pembimbing_id`, `tempat_pkl_id`) VALUES ('68', '72', '2270', 'RHEVANNIAR SEPTYANDI', 'XII TJKT 2', '11', '10');
INSERT INTO `siswa` (`id`, `user_id`, `nis`, `nama`, `kelas`, `pembimbing_id`, `tempat_pkl_id`) VALUES ('69', '73', '2272', 'SALAMA CHOIRUL HUFRON', 'XII TJKT 2', '6', '26');
INSERT INTO `siswa` (`id`, `user_id`, `nis`, `nama`, `kelas`, `pembimbing_id`, `tempat_pkl_id`) VALUES ('70', '74', '2273', 'SARI NURANI FATIMAH', 'XII TJKT 2', '14', '25');
INSERT INTO `siswa` (`id`, `user_id`, `nis`, `nama`, `kelas`, `pembimbing_id`, `tempat_pkl_id`) VALUES ('71', '75', '2274', 'SEPTI RAMANDHANI', 'XII TJKT 2', '8', '24');
INSERT INTO `siswa` (`id`, `user_id`, `nis`, `nama`, `kelas`, `pembimbing_id`, `tempat_pkl_id`) VALUES ('72', '76', '2275', 'SINDI CITRA APRILIA', 'XII TJKT 2', '14', '15');
INSERT INTO `siswa` (`id`, `user_id`, `nis`, `nama`, `kelas`, `pembimbing_id`, `tempat_pkl_id`) VALUES ('73', '77', '2276', 'SITI MUNAWAROH', 'XII TJKT 2', '12', '18');
INSERT INTO `siswa` (`id`, `user_id`, `nis`, `nama`, `kelas`, `pembimbing_id`, `tempat_pkl_id`) VALUES ('74', '78', '2277', 'TALITA CAHYA NINGRUM', 'XII TJKT 2', '14', '25');
INSERT INTO `siswa` (`id`, `user_id`, `nis`, `nama`, `kelas`, `pembimbing_id`, `tempat_pkl_id`) VALUES ('75', '79', '2278', 'TUBAGUS BUDI SATYA DARMA', 'XII TJKT 2', '14', '15');
INSERT INTO `siswa` (`id`, `user_id`, `nis`, `nama`, `kelas`, `pembimbing_id`, `tempat_pkl_id`) VALUES ('76', '80', '2279', 'YUSMAN MAWARDI', 'XII TJKT 2', '13', '13');
INSERT INTO `siswa` (`id`, `user_id`, `nis`, `nama`, `kelas`, `pembimbing_id`, `tempat_pkl_id`) VALUES ('78', '90', '2208', 'AFIK RAHARDIAN', 'XII TJKT 2', '6', '27');
INSERT INTO `siswa` (`id`, `user_id`, `nis`, `nama`, `kelas`, `pembimbing_id`, `tempat_pkl_id`) VALUES ('79', '91', '2209', 'AHMAD DAFIN NUGROHO', 'XII TJKT 1', '7', '5');

-- Struktur tabel `tempat_pkl`
DROP TABLE IF EXISTS `tempat_pkl`;
CREATE TABLE `tempat_pkl` (
  `id` int(11) NOT NULL AUTO_INCREMENT,
  `nama` varchar(150) NOT NULL,
  `pemilik` varchar(100) DEFAULT '',
  `alamat` text DEFAULT '',
  `lat` decimal(10,7) NOT NULL,
  `lng` decimal(10,7) NOT NULL,
  `radius_m` int(11) NOT NULL DEFAULT 150,
  PRIMARY KEY (`id`)
) ENGINE=InnoDB AUTO_INCREMENT=28 DEFAULT CHARSET=utf8mb4 COLLATE=utf8mb4_unicode_ci;

-- Data untuk tabel `tempat_pkl`
INSERT INTO `tempat_pkl` (`id`, `nama`, `pemilik`, `alamat`, `lat`, `lng`, `radius_m`) VALUES ('5', 'Universitas Sains dan Teknologi Komputer Ambarawa', '', '', '-7.2672900', '110.3830200', '50');
INSERT INTO `tempat_pkl` (`id`, `nama`, `pemilik`, `alamat`, `lat`, `lng`, `radius_m`) VALUES ('6', 'PT. Selaras Citra Terabit', '', '', '-7.4499600', '110.2308100', '50');
INSERT INTO `tempat_pkl` (`id`, `nama`, `pemilik`, `alamat`, `lat`, `lng`, `radius_m`) VALUES ('7', 'PT Desane Sinar Media Temanggung', '', '', '-7.2959900', '110.1796500', '50');
INSERT INTO `tempat_pkl` (`id`, `nama`, `pemilik`, `alamat`, `lat`, `lng`, `radius_m`) VALUES ('8', 'Megadata ISP', '', '', '-7.7581000', '110.4882000', '50');
INSERT INTO `tempat_pkl` (`id`, `nama`, `pemilik`, `alamat`, `lat`, `lng`, `radius_m`) VALUES ('9', 'Muffaindo Komunikasi', '', '', '-7.4012100', '110.2313000', '50');
INSERT INTO `tempat_pkl` (`id`, `nama`, `pemilik`, `alamat`, `lat`, `lng`, `radius_m`) VALUES ('10', 'Life Media Yogyakarta', '', '', '-7.8248000', '110.3678300', '150');
INSERT INTO `tempat_pkl` (`id`, `nama`, `pemilik`, `alamat`, `lat`, `lng`, `radius_m`) VALUES ('11', 'Sabily Solutions', '', '', '-7.3133000', '110.2979000', '50');
INSERT INTO `tempat_pkl` (`id`, `nama`, `pemilik`, `alamat`, `lat`, `lng`, `radius_m`) VALUES ('12', 'SW Group Digital', '', '', '-7.4599500', '110.2802300', '50');
INSERT INTO `tempat_pkl` (`id`, `nama`, `pemilik`, `alamat`, `lat`, `lng`, `radius_m`) VALUES ('13', 'Grand Artos Hotel & Convention', '', '', '-7.5040300', '110.2243000', '150');
INSERT INTO `tempat_pkl` (`id`, `nama`, `pemilik`, `alamat`, `lat`, `lng`, `radius_m`) VALUES ('14', 'Universitas Teknologi Digital Indonesia', '', '', '-7.7927500', '110.4083100', '150');
INSERT INTO `tempat_pkl` (`id`, `nama`, `pemilik`, `alamat`, `lat`, `lng`, `radius_m`) VALUES ('15', 'Telkom Akses Magelang', '', '', '-7.5000500', '110.2276500', '100');
INSERT INTO `tempat_pkl` (`id`, `nama`, `pemilik`, `alamat`, `lat`, `lng`, `radius_m`) VALUES ('16', 'Telkom Akses Salatiga', '', '', '-7.3261600', '110.5050900', '100');
INSERT INTO `tempat_pkl` (`id`, `nama`, `pemilik`, `alamat`, `lat`, `lng`, `radius_m`) VALUES ('17', 'Ambarawa Network Solution', 'Helmi', 'Perum Green Ambarawa Residence No.Blok F11, Rejoso, Pojoksari, Kec. Ambarawa, Kabupaten Semarang, Jawa Tengah 50614', '-7.2782500', '110.4025000', '50');
INSERT INTO `tempat_pkl` (`id`, `nama`, `pemilik`, `alamat`, `lat`, `lng`, `radius_m`) VALUES ('18', 'Tunggal Komputer', '', '', '-7.3155900', '110.1835300', '50');
INSERT INTO `tempat_pkl` (`id`, `nama`, `pemilik`, `alamat`, `lat`, `lng`, `radius_m`) VALUES ('19', 'Lintas Fiber Semarang', '', '', '-7.0038400', '110.4199400', '100');
INSERT INTO `tempat_pkl` (`id`, `nama`, `pemilik`, `alamat`, `lat`, `lng`, `radius_m`) VALUES ('20', 'Kecamatan Pringsurat', '', '', '-7.3574000', '110.2880300', '50');
INSERT INTO `tempat_pkl` (`id`, `nama`, `pemilik`, `alamat`, `lat`, `lng`, `radius_m`) VALUES ('21', 'Kelurahan Pingit', '', '', '-7.3267000', '110.3203700', '50');
INSERT INTO `tempat_pkl` (`id`, `nama`, `pemilik`, `alamat`, `lat`, `lng`, `radius_m`) VALUES ('22', 'UNIMMA Magelang', '', '', '-7.5218400', '110.2270700', '150');
INSERT INTO `tempat_pkl` (`id`, `nama`, `pemilik`, `alamat`, `lat`, `lng`, `radius_m`) VALUES ('23', 'CV. Tanggap Waskita', '', '', '-7.7618700', '110.4707400', '50');
INSERT INTO `tempat_pkl` (`id`, `nama`, `pemilik`, `alamat`, `lat`, `lng`, `radius_m`) VALUES ('24', 'STMIK Bina Patria', '', '', '-7.4597400', '110.2217200', '100');
INSERT INTO `tempat_pkl` (`id`, `nama`, `pemilik`, `alamat`, `lat`, `lng`, `radius_m`) VALUES ('25', 'Universitas Negeri Tidar Magelang', '', '', '-7.4593000', '110.2171700', '150');
INSERT INTO `tempat_pkl` (`id`, `nama`, `pemilik`, `alamat`, `lat`, `lng`, `radius_m`) VALUES ('26', 'DISKOMINSTA Kota Magelang', '', '', '-7.5034900', '110.2215100', '100');
INSERT INTO `tempat_pkl` (`id`, `nama`, `pemilik`, `alamat`, `lat`, `lng`, `radius_m`) VALUES ('27', 'Kantor Relasi Manejemen Magelang', '', '', '-7.5138720', '110.1955600', '50');

-- Struktur tabel `users`
DROP TABLE IF EXISTS `users`;
CREATE TABLE `users` (
  `id` int(11) NOT NULL AUTO_INCREMENT,
  `username` varchar(50) NOT NULL,
  `password_hash` varchar(255) NOT NULL,
  `role` enum('admin','pembimbing','siswa') NOT NULL,
  `name` varchar(100) NOT NULL,
  PRIMARY KEY (`id`),
  UNIQUE KEY `username` (`username`)
) ENGINE=InnoDB AUTO_INCREMENT=92 DEFAULT CHARSET=utf8mb4 COLLATE=utf8mb4_unicode_ci;

-- Data untuk tabel `users`
INSERT INTO `users` (`id`, `username`, `password_hash`, `role`, `name`) VALUES ('1', 'admin', '$2y$10$XOOeKumRy3fNg97hSzUvM.hob0hKPEkn471O0ar7ouj/YPBBQUYrG', 'admin', 'Administrator');
INSERT INTO `users` (`id`, `username`, `password_hash`, `role`, `name`) VALUES ('11', '0072922337', '$2y$10$XPQN3g9CEeM3ztuKQOjCf..BhR/Kyn9BwOTDix.HdKuuzVyfoz3yG', 'siswa', 'AHMAD DAFIN NUGROHO');
INSERT INTO `users` (`id`, `username`, `password_hash`, `role`, `name`) VALUES ('12', '0058486105', '$2y$10$ikBS7zdGgr9p/q6dWHTC/O.STOL1Fhur7U04JZMGDQGEkdKNH8aFS', 'siswa', 'ANGGUN SAPUTRA');
INSERT INTO `users` (`id`, `username`, `password_hash`, `role`, `name`) VALUES ('13', '0052811001', '$2y$10$FjlHlj.33PhHxYpalHWdJuvjtMyzDRsTF/dQve44xrxfms4DxA8Y6', 'siswa', 'ANJAR BASTIANTO');
INSERT INTO `users` (`id`, `username`, `password_hash`, `role`, `name`) VALUES ('14', '0086805336', '$2y$10$yLsxYkGL74fxrb5J6drRC.XcNZaKAgg2EgmUKWBTFnirbvhBpmo06', 'siswa', 'ARTA NABILLA');
INSERT INTO `users` (`id`, `username`, `password_hash`, `role`, `name`) VALUES ('15', '0086263756', '$2y$10$uOR0Vc1jikOHhV6hQxU.buAC7sBvwoTDNDKkmZCY.Q2fzjxz049he', 'siswa', 'BAYU MONO OKTARA');
INSERT INTO `users` (`id`, `username`, `password_hash`, `role`, `name`) VALUES ('16', '0064231447', '$2y$10$JWdB0WpwC4AOf317L5MXRuvDJz/HB1U4oRLF3itxTz.gscc/jZ6ly', 'siswa', 'DAFFA MUHAMMAD ARRAFI');
INSERT INTO `users` (`id`, `username`, `password_hash`, `role`, `name`) VALUES ('17', '0074899518', '$2y$10$jsLeCxxGX/DqpSR9OJ0bSuKzIoiIwAgvumm6zQjYpzaRBPSKCU9oa', 'siswa', 'DESTA ANDARA');
INSERT INTO `users` (`id`, `username`, `password_hash`, `role`, `name`) VALUES ('18', '0088697240', '$2y$10$pmvzRxT1bGjsy908SWrKKuxBN/fAS7iY60PumOZKcDaxS7k3RmZU.', 'siswa', 'DINTA AYU RADHIA PRAMESTI');
INSERT INTO `users` (`id`, `username`, `password_hash`, `role`, `name`) VALUES ('19', '0073846643', '$2y$10$480nYB1gKGqbY7dYfSD/p.alFO6taLVBHDK0WFJz.VG4s3CPeJf3e', 'siswa', 'DUWI ASTUTIK');
INSERT INTO `users` (`id`, `username`, `password_hash`, `role`, `name`) VALUES ('20', '0077251368', '$2y$10$M6.2uRdH/VmYbYD1/qGHGOFDYqjOHRJ/JaT7UPWzLc0ATqvaQs/1y', 'siswa', 'FARHAN ADI NUROHMAN');
INSERT INTO `users` (`id`, `username`, `password_hash`, `role`, `name`) VALUES ('21', '0075616726', '$2y$10$prKi3m1qV7JnvVQ/YAVG2.1SfwZRgLNDc.yaBsF4WStu7mdC6L9LC', 'siswa', 'FEBRIANA WAHYU ASTUTI');
INSERT INTO `users` (`id`, `username`, `password_hash`, `role`, `name`) VALUES ('22', '0085461796', '$2y$10$v3B8C9Tj06Jb8FvqwnLESetT27qaCQZ/7Ih4bxipRoNOgwTp0kGyK', 'siswa', 'FIO KHABIB FAHRIZAL');
INSERT INTO `users` (`id`, `username`, `password_hash`, `role`, `name`) VALUES ('23', '0083651030', '$2y$10$YKCpvOzixZdPx4Kc5bUF5eVYS82yRdyRQiRANzQn7I92DQ7DeM6wO', 'siswa', 'GALANG ANGGER SETIAWAN');
INSERT INTO `users` (`id`, `username`, `password_hash`, `role`, `name`) VALUES ('24', '0082805175', '$2y$10$FZ70/zYVVzYYctUvJZrPCel0iX2j9EboHYMCnDMeDNW2AFDDAvIha', 'siswa', 'GINARIS RAHITA PUTRI APRILIA');
INSERT INTO `users` (`id`, `username`, `password_hash`, `role`, `name`) VALUES ('25', '3086354583', '$2y$10$QacPtv3lt7bRNYlaWms8Le8tTXg5m1WFrjpIKnY5TMz9VQRA2.a1S', 'siswa', 'HAYU NUR RAHMAWATI');
INSERT INTO `users` (`id`, `username`, `password_hash`, `role`, `name`) VALUES ('26', '0088819796', '$2y$10$PrEhTd9RT8FtTvkTmBx6/uGrL6tWpd6ytdfB.BxlCSO62I9qV2dcK', 'siswa', 'INDAH KURNIA ULFA');
INSERT INTO `users` (`id`, `username`, `password_hash`, `role`, `name`) VALUES ('27', '0078799204', '$2y$10$DCU6L1H0z9n3B/vcLdcduOQY6GCkedAuoM8M98V/IYvbrtI9mcUui', 'siswa', 'KAYLLA DESTA KHOIRRUNIZA');
INSERT INTO `users` (`id`, `username`, `password_hash`, `role`, `name`) VALUES ('28', '0082462313', '$2y$10$rxdeao3Hy9keGbj7yr7BAehuP9N8La7M0WDVTYqhKcN1DKedzY7im', 'siswa', 'LAELATUL NASYIFA');
INSERT INTO `users` (`id`, `username`, `password_hash`, `role`, `name`) VALUES ('29', '0075876000', '$2y$10$H66E6/cCmeFhm5eEdd85auDUqCtEkRoaMpaUcj6NIUaaNhCFbFq0q', 'siswa', 'LILA AGUSTINA');
INSERT INTO `users` (`id`, `username`, `password_hash`, `role`, `name`) VALUES ('30', '0063891723', '$2y$10$tum.UGOyn8rUJtaZJ2sJq.PdIx4UwAhWkdPwhXb12xtCvGcxSrIWG', 'siswa', 'LINTANG AJI CAHYA');
INSERT INTO `users` (`id`, `username`, `password_hash`, `role`, `name`) VALUES ('31', '0088573527', '$2y$10$1sLNmT5r9eWmdsAXAya.3.pXU9CVmRJ0Ta4cX4Vk2CG0Rlsb8gjve', 'siswa', 'LULUK KHUMAERAH');
INSERT INTO `users` (`id`, `username`, `password_hash`, `role`, `name`) VALUES ('32', '0082596419', '$2y$10$YYl1ryldJyi9O1SFONWLZOsgrdGH0xVt81qh3vZWKDoBpjwFQ/XQS', 'siswa', 'MAYSAHARANNISA');
INSERT INTO `users` (`id`, `username`, `password_hash`, `role`, `name`) VALUES ('33', '0081037523', '$2y$10$vXvcBxdthdeKRtx8IQrFceFER4J1/Tc.bdSdWqREgprHeXPSZShJi', 'siswa', 'MUHAMMAD AL FATIH NAWAHA');
INSERT INTO `users` (`id`, `username`, `password_hash`, `role`, `name`) VALUES ('34', '0078993872', '$2y$10$GXKIU7xVv.X5IRj7EbRXN.RdIZhCg0iog3AHRUtLDXdLd5mCv6iye', 'siswa', 'MUKHAMAD MAHSUNNIZAM');
INSERT INTO `users` (`id`, `username`, `password_hash`, `role`, `name`) VALUES ('35', '0074360588', '$2y$10$Q6QINC7o/WoaFUlmfc4jWeOgQV1a91UXree.56x2hWHroDflyvNTC', 'siswa', 'OKTA SELVIANA');
INSERT INTO `users` (`id`, `username`, `password_hash`, `role`, `name`) VALUES ('36', '0089996814', '$2y$10$XBhkSRXCp83u13EDDK4/FuV7P9eq8Y81zjD04BgJ2BD7Q7xGSQIEe', 'siswa', 'REFAL AKHYA FIRDAUS');
INSERT INTO `users` (`id`, `username`, `password_hash`, `role`, `name`) VALUES ('37', '0079288584', '$2y$10$Cwp5NPGq5qdIv15Bosmd1.AeW17IQSfKjyyTlKHKX9cBFmCLBpn.C', 'siswa', 'RIDHOTU FAIZAL');
INSERT INTO `users` (`id`, `username`, `password_hash`, `role`, `name`) VALUES ('38', '0082025718', '$2y$10$90dNEzWvFodhgJljiUgQC.pemx8W2N3Qv0sz5PX2mcWK0VRfbA4Bm', 'siswa', 'RIDWAN NUR ARDIANSYAH');
INSERT INTO `users` (`id`, `username`, `password_hash`, `role`, `name`) VALUES ('39', '0073190026', '$2y$10$tDEC9DAdUxRe0kVxpY4i0.IBP7v18QZfx/gATnkNn9MD1B2SI7/TO', 'siswa', 'SEFTIA RAMANDANI OFTAVIA');
INSERT INTO `users` (`id`, `username`, `password_hash`, `role`, `name`) VALUES ('40', '3078823968', '$2y$10$7oXu.WJgiHHmb.WfW3aCrOg0b8ZrpiiioMQkneo6KDTF7cGto6Zfy', 'siswa', 'SIMA FAREHAN APRILIA AHMAD');
INSERT INTO `users` (`id`, `username`, `password_hash`, `role`, `name`) VALUES ('41', '0076333195', '$2y$10$AlHyY0Z0AU.CvK8LhBzIYODBXIOohaZz1KF474uheFQ2N890LPFcy', 'siswa', 'SITI NUR KHOLIMAH MONICA ARTA');
INSERT INTO `users` (`id`, `username`, `password_hash`, `role`, `name`) VALUES ('42', '3077021555', '$2y$10$R56qYK0hyH93afbKqQDyme1MP05nrMezTlkAqRw2W5TQZB9xoqmmW', 'siswa', 'WASIK MUNAFI\'AH');
INSERT INTO `users` (`id`, `username`, `password_hash`, `role`, `name`) VALUES ('43', '0075344471', '$2y$10$vPVrfoIuPN7l8n3kHgdxauwOVLE.eTl2p0g8rjJBalwOdWEnVSLaG', 'siswa', 'WENDI ASTINA');
INSERT INTO `users` (`id`, `username`, `password_hash`, `role`, `name`) VALUES ('44', '0088615193', '$2y$10$ISb6tx7wO25utH6VQSkbQOqzaleI0iUmSkAXAMF4p7ACSbkRYWFA2', 'siswa', 'ZAHROTUS SYITA');
INSERT INTO `users` (`id`, `username`, `password_hash`, `role`, `name`) VALUES ('45', '0065887003', '$2y$10$1Y2wNgzZol8Qljf9ZwPd7.C3QgujdXEKhJEmHve04zH73I9k.l8L6', 'siswa', 'ZAKI HASANUDIN');
INSERT INTO `users` (`id`, `username`, `password_hash`, `role`, `name`) VALUES ('46', '0081662282', '$2y$10$GFm1IjQdr6gMvWs7Eu0/YeM62EBH3Z8.Tr01K7mPuqb.HPXDUwnVq', 'siswa', 'AGUSTINA WAHYU KINANTI');
INSERT INTO `users` (`id`, `username`, `password_hash`, `role`, `name`) VALUES ('47', '0078357780', '$2y$10$i6sGUvxZgjHDENXPsA51q.rIu8k/MkwY4ZPT99qYy4wPhU1V6xR3q', 'siswa', 'AHMAD HILMI FUADI');
INSERT INTO `users` (`id`, `username`, `password_hash`, `role`, `name`) VALUES ('48', '0064521602', '$2y$10$wj6yX0iPQ9P6trhgPpkYr.kWwDpApDGgODrJADTSYgTzn1GD/JJ3C', 'siswa', 'AJI ABASTIAN');
INSERT INTO `users` (`id`, `username`, `password_hash`, `role`, `name`) VALUES ('49', '0083099702', '$2y$10$ExFy64JmUdfzgfXV6kHHpePILxlXaeu90LjmhrjZ5OgZyEJUIuHHq', 'siswa', 'AMELIA TIARA APSARI');
INSERT INTO `users` (`id`, `username`, `password_hash`, `role`, `name`) VALUES ('50', '0085505694', '$2y$10$NKOtiAuy2bhVwmCzj7K0pusrVsPu.HC7nCJQtxIYi6H7OXZ5viEvC', 'siswa', 'ATFY ZUL ALIFA');
INSERT INTO `users` (`id`, `username`, `password_hash`, `role`, `name`) VALUES ('51', '0086209645', '$2y$10$OQjypbVD8d7A7e4K1oORm.bCLkmlbC8YE.5r1PkYUGI5De7N3nwKu', 'siswa', 'AULIA NURSYAFA');
INSERT INTO `users` (`id`, `username`, `password_hash`, `role`, `name`) VALUES ('52', '0084130049', '$2y$10$lqJHaYj3X8JcAm8N7b1VAe/aV3yE3idVydE0WXN5b9hVd8VnyrpJW', 'siswa', 'BIAN SAPUTRA');
INSERT INTO `users` (`id`, `username`, `password_hash`, `role`, `name`) VALUES ('53', '0084368870', '$2y$10$LCg5tmWd90qqXYmgqmVYFeYfPeTOUigfo/t1JnegZAYDheeXnqUzu', 'siswa', 'DENI SETIYAWAN');
INSERT INTO `users` (`id`, `username`, `password_hash`, `role`, `name`) VALUES ('54', '0073951917', '$2y$10$l75cSOOBb7n/D9FMm1dN5O3JNlVc7vOHTLeZWvWWEO.X5RMHwEI4i', 'siswa', 'DESTI RYA AMANDA');
INSERT INTO `users` (`id`, `username`, `password_hash`, `role`, `name`) VALUES ('55', '0071514397', '$2y$10$OFoqnwHUvf32Mky5BzjDoeyYXMm52BhTLmqQUTU8JLvCKjS5LoAGm', 'siswa', 'FATKHUL HIKAM');
INSERT INTO `users` (`id`, `username`, `password_hash`, `role`, `name`) VALUES ('56', '0083040331', '$2y$10$eHuW0dax8ZZ4GGnQS/KKp.zYer/jJaUT1O1egq7SIRggGgaOx5l5u', 'siswa', 'FHADILAH RAHMA ALIFA');
INSERT INTO `users` (`id`, `username`, `password_hash`, `role`, `name`) VALUES ('57', '0075661026', '$2y$10$2kmou2XinUP9keneKQCq4usqpZ7OI6hGiBTvwLnVTx0FEWC5ooPwa', 'siswa', 'FITRI RAHAYU');
INSERT INTO `users` (`id`, `username`, `password_hash`, `role`, `name`) VALUES ('58', '0131929432', '$2y$10$S/7biem5hdriIDDgz8Jg9Okd95FK9Pvl9iipShJaBYBnRCbj.9cL6', 'siswa', 'GANINDYA ALUN ULLAYA');
INSERT INTO `users` (`id`, `username`, `password_hash`, `role`, `name`) VALUES ('59', '0073502501', '$2y$10$7vxIZ0w.MCAHlB7ECYDzge82sXAyqSVUUZJ1bbLD3FvZpclUwMtIm', 'siswa', 'GILANG KURNIAWAN');
INSERT INTO `users` (`id`, `username`, `password_hash`, `role`, `name`) VALUES ('60', '0087626522', '$2y$10$8CpTbiQ3NOo9PRzDp/Dif.8eALmWisqj229VQzPmXlesgagVpY1ne', 'siswa', 'HAYUAN NAYLIL YUSUFA');
INSERT INTO `users` (`id`, `username`, `password_hash`, `role`, `name`) VALUES ('61', '0087735885', '$2y$10$DBp3c1pgnTI36/EWSephYOXbX7sUPcEhjyYuxb1C46/0c0XcpAfX6', 'siswa', 'IKA ERLIYANA');
INSERT INTO `users` (`id`, `username`, `password_hash`, `role`, `name`) VALUES ('62', '3087931545', '$2y$10$GFMAT7d36rcb76DZKhIFquNIxliC1d.0KESJJR5p2deq6FyOJ9GN.', 'siswa', 'LAELA NESYA SALWA');
INSERT INTO `users` (`id`, `username`, `password_hash`, `role`, `name`) VALUES ('63', '0075363059', '$2y$10$8XFhsyqsWWFHSAja41X6LO38900iojFqPgpi0fDv3nsAax.vliC2i', 'siswa', 'LINA HIDAYATUL MAGFIROH');
INSERT INTO `users` (`id`, `username`, `password_hash`, `role`, `name`) VALUES ('64', '3088482049', '$2y$10$E2F8PRSUDJydE3PJ3vnfO.rfN5phj6qpYGLpHzFd8zPP42ALTED62', 'siswa', 'MELFIA SAPUTRI');
INSERT INTO `users` (`id`, `username`, `password_hash`, `role`, `name`) VALUES ('65', '0082087279', '$2y$10$DsbOytoe8ooD5BiDIWHRL..QR9Fv2COHxDUwHFmLg7LEYQCHXMnq6', 'siswa', 'MUHAMAD GALANG FEBRIYANTO');
INSERT INTO `users` (`id`, `username`, `password_hash`, `role`, `name`) VALUES ('66', '0077519621', '$2y$10$D9/02d2FaO39eP1gsytln.9yKxxw3cq7PcDOvxg7dPqTzyc9vfMN.', 'siswa', 'MUHAMAD NAUFAL LUKMAN HAKIM');
INSERT INTO `users` (`id`, `username`, `password_hash`, `role`, `name`) VALUES ('67', '0078843263', '$2y$10$TZH6neIUo/StzEN4Da24reTuvcJJRNZBP.LrXJC2x3/37UDunYXma', 'siswa', 'MUHAMMAD DIMAS ANDRIYAN');
INSERT INTO `users` (`id`, `username`, `password_hash`, `role`, `name`) VALUES ('68', '0074441991', '$2y$10$/geuFp.UPK9SYKqHh6xDFOWfZKp8H3U3G78kCH5RqRCVWp9tt299O', 'siswa', 'NISA PUJI ASTUTI');
INSERT INTO `users` (`id`, `username`, `password_hash`, `role`, `name`) VALUES ('69', '0074928356', '$2y$10$8emwDKwotlRatGadKujeDu6EgwdTALaKwN/yShCorffFyBIdu1NEy', 'siswa', 'RAFIKA DIAZ UTOMO');
INSERT INTO `users` (`id`, `username`, `password_hash`, `role`, `name`) VALUES ('70', '0088869923', '$2y$10$ATixNuxcfBSltilKmCj26.kqwXPqR5HHP6QcouJiuOlGqVae1Nk1K', 'siswa', 'RAHAYU CITRA NUGRAHENY');
INSERT INTO `users` (`id`, `username`, `password_hash`, `role`, `name`) VALUES ('71', '0084576018', '$2y$10$MF7PkMXv3b4udRaaNu3ide7WNX62Q0ZSVrBD9jHs93ph2XGq31fD.', 'siswa', 'RESTU KHOIRUL \'ULUM');
INSERT INTO `users` (`id`, `username`, `password_hash`, `role`, `name`) VALUES ('72', '0065293578', '$2y$10$j4QmhypFXVSMPwlV.TPnheyFNZPeAOEuP2o089tDR0D2uO1.hnRVS', 'siswa', 'RHEVANNIAR SEPTYANDI');
INSERT INTO `users` (`id`, `username`, `password_hash`, `role`, `name`) VALUES ('73', '0088759431', '$2y$10$.eQ7KI19fbVHylmi4LamKesmNyeI/wdIS1.utBrfTmf.ynvKBkCSq', 'siswa', 'SALAMA CHOIRUL HUFRON');
INSERT INTO `users` (`id`, `username`, `password_hash`, `role`, `name`) VALUES ('74', '0073553263', '$2y$10$0Vc9wvx6.gcH2TMLwTgqJOl/ffbxKlTii7.nBbzPRKQ8VHUNSLoly', 'siswa', 'SARI NURANI FATIMAH');
INSERT INTO `users` (`id`, `username`, `password_hash`, `role`, `name`) VALUES ('75', '0075553391', '$2y$10$P1kyHWiMjw2XlIhTLZHgzuleV82ia0BZiuR1EXsN6lUCV16Kta5ji', 'siswa', 'SEPTI RAMANDHANI');
INSERT INTO `users` (`id`, `username`, `password_hash`, `role`, `name`) VALUES ('76', '0086035821', '$2y$10$xHPDWf4XwN/a8DFKoDyhjuIILp2GBuRFa/9Qz9OBvILMOrJKQWsyC', 'siswa', 'SINDI CITRA APRILIA');
INSERT INTO `users` (`id`, `username`, `password_hash`, `role`, `name`) VALUES ('77', '0082436446', '$2y$10$D6l1mKkg.742HygZI.7drO18k986JcgQoAC0AiGKV/cT9Ao8iLddO', 'siswa', 'SITI MUNAWAROH');
INSERT INTO `users` (`id`, `username`, `password_hash`, `role`, `name`) VALUES ('78', '0073781071', '$2y$10$77M/u5zwDWBlzxKis8ZHr.TLsr56MuYhS91LkBhC.w/h/tok8nnRO', 'siswa', 'TALITA CAHYA NINGRUM');
INSERT INTO `users` (`id`, `username`, `password_hash`, `role`, `name`) VALUES ('79', '0074223563', '$2y$10$yvW716MoSigSzvzdLLBOHeMIbYZ7t4EJr6Fl3DkrMInPQ4pZbu4OC', 'siswa', 'TUBAGUS BUDI SATYA DARMA');
INSERT INTO `users` (`id`, `username`, `password_hash`, `role`, `name`) VALUES ('80', '0084057583', '$2y$10$4OCptWhqcu/WNFxRcyuDv.gdN680v93aQJEKOiLLwNlLzdlaay08C', 'siswa', 'YUSMAN MAWARDI');
INSERT INTO `users` (`id`, `username`, `password_hash`, `role`, `name`) VALUES ('81', 'irma1985', '$2y$10$Esfd1C9E9PljuDfTxSp32uzyqzei7ApUX0MSzAnr5kxl0pVCYndbS', 'pembimbing', 'IRMA WOLUANDARI, S.Kom');
INSERT INTO `users` (`id`, `username`, `password_hash`, `role`, `name`) VALUES ('82', 'hery1983', '$2y$10$qtrk.aLExpsmCtPe8.vwjuPHVnJzRRUeTTpN2.IAIfyowiOalzRsC', 'pembimbing', 'HERI SUGIYANTA,S.T');
INSERT INTO `users` (`id`, `username`, `password_hash`, `role`, `name`) VALUES ('83', 'latif1993', '$2y$10$crm/EKYIkVjS5KAxO2uSUu5b74p1r.2KW.NEoBADKUUSFruCZJlie', 'pembimbing', 'LATIF DWI PURWATI, S.Pd.,Kom');
INSERT INTO `users` (`id`, `username`, `password_hash`, `role`, `name`) VALUES ('84', 'budi1092', '$2y$10$CzoEnbqmgLQ9LcQQ.F2JCOIw6mlBQgNGWM9Pq5XQRGXTtkByaBMGy', 'pembimbing', 'BUDI PURWANTO,S.Kom');
INSERT INTO `users` (`id`, `username`, `password_hash`, `role`, `name`) VALUES ('85', 'dedeh1981', '$2y$10$tXyGiU10LwupvlwP5Fx33eekf5rQ40Ou4LcYvFa7377EMVUyZ4PTm', 'pembimbing', 'DEDEH DWI WIJAYANTI, S.Pd');
INSERT INTO `users` (`id`, `username`, `password_hash`, `role`, `name`) VALUES ('86', 'maya', '$2y$10$PrbDf2hZ8b49J87chzIJ3u/u7Xi/DPgnLff8IBlNrJLCE0FIQ0u4S', 'pembimbing', 'ISMAYANI WIDYA P, S.Pd');
INSERT INTO `users` (`id`, `username`, `password_hash`, `role`, `name`) VALUES ('87', 'mardiyati66', '$2y$10$OfoYlmaLXMKU5C/lgzAbvev04NvLIzTdbspBZ625l1fYiEjK3u6vS', 'pembimbing', 'MARDIYATI, S.Pd');
INSERT INTO `users` (`id`, `username`, `password_hash`, `role`, `name`) VALUES ('88', 'setiyo81', '$2y$10$2mdyA4Dk87nJMQO3PBCtIed9Ot98UC645DMoEvj02qCQRimMoIgMC', 'pembimbing', 'SETIYO BUDI LEKSONO, S.Pd.');
INSERT INTO `users` (`id`, `username`, `password_hash`, `role`, `name`) VALUES ('90', '0071846797', '$2y$10$B150jnymUu/v3j1/Xg/tdumgJ.rN7arzrbI.vb6/GBkefflzfJ5V2', 'siswa', 'AFIK RAHARDIAN');
INSERT INTO `users` (`id`, `username`, `password_hash`, `role`, `name`) VALUES ('91', '2209', '$2y$10$qANNeWLqtjK0jdqVZw.OYuoz/v3Nf9VPUJHeHUFv05qzqge1xNM66', 'siswa', 'AHMAD DAFIN NUGROHO');

COMMIT;
